participantId,householdSize,haveKids,age,educationLevel,interestGroup,joviality
0,3,TRUE,36,HighSchoolOrCollege,H,0.001626703
1,3,TRUE,25,HighSchoolOrCollege,B,0.3280865
2,3,TRUE,35,HighSchoolOrCollege,A,0.39346959
3,3,TRUE,21,HighSchoolOrCollege,I,0.138063446
4,3,TRUE,43,Bachelors,H,0.857396691
5,3,TRUE,32,HighSchoolOrCollege,D,0.772957791
6,3,TRUE,26,HighSchoolOrCollege,I,0.833980668
7,3,TRUE,27,Bachelors,A,0.958189409
8,3,TRUE,20,Bachelors,G,0.697554819
9,3,TRUE,35,Bachelors,D,0.467131409
10,3,TRUE,48,HighSchoolOrCollege,D,0.557176006
11,3,TRUE,27,HighSchoolOrCollege,F,0.25422732
12,3,TRUE,34,HighSchoolOrCollege,D,0.241615182
13,3,TRUE,18,Bachelors,J,0.724503834
14,3,TRUE,38,Graduate,H,0.930003289
15,3,TRUE,35,HighSchoolOrCollege,I,0.232266068
16,3,TRUE,39,Bachelors,J,0.392189088
17,3,TRUE,57,Bachelors,I,0.114667399
18,3,TRUE,20,Graduate,I,0.32696558
19,3,TRUE,25,Bachelors,B,0.486470164
20,3,TRUE,41,HighSchoolOrCollege,I,0.619057739
21,3,TRUE,35,Low,E,0.931240975
22,3,TRUE,25,HighSchoolOrCollege,E,0.663815663
23,3,TRUE,57,Low,B,0.260211811
24,3,TRUE,44,Bachelors,D,0.607328128
25,3,TRUE,38,HighSchoolOrCollege,J,0.520535752
26,3,TRUE,28,HighSchoolOrCollege,F,0.549177225
27,3,TRUE,45,HighSchoolOrCollege,D,0.135148815
28,3,TRUE,54,Bachelors,A,0.230073813
29,3,TRUE,18,Low,C,0.607853294
30,3,TRUE,49,HighSchoolOrCollege,C,0.681423545
31,3,TRUE,40,Graduate,F,0.23266675
32,3,TRUE,33,HighSchoolOrCollege,C,0.189498641
33,3,TRUE,21,Bachelors,D,0.094585958
34,3,TRUE,23,Low,B,0.767112453
35,3,TRUE,20,Low,J,0.707950782
36,3,TRUE,41,Graduate,G,0.348019484
37,3,TRUE,54,HighSchoolOrCollege,G,0.174975799
38,3,TRUE,34,Low,D,0.215116214
39,3,TRUE,54,Bachelors,G,0.862950926
40,3,TRUE,55,Low,I,0.880410054
41,3,TRUE,41,HighSchoolOrCollege,F,0.863663966
42,3,TRUE,24,HighSchoolOrCollege,J,0.055283617
43,3,TRUE,48,Bachelors,E,0.045228735
44,3,TRUE,39,Low,C,0.976499153
45,3,TRUE,50,Graduate,E,0.179657824
46,3,TRUE,47,HighSchoolOrCollege,D,0.225049088
47,3,TRUE,58,HighSchoolOrCollege,C,0.424159724
48,3,TRUE,42,HighSchoolOrCollege,F,0.485827661
49,3,TRUE,54,Graduate,D,0.229589642
50,3,TRUE,45,HighSchoolOrCollege,H,0.576174771
51,3,TRUE,26,Graduate,G,0.374354513
52,3,TRUE,39,HighSchoolOrCollege,B,0.730126771
53,3,TRUE,19,Low,H,0.140697641
54,3,TRUE,32,Graduate,I,0.778504463
55,3,TRUE,37,HighSchoolOrCollege,J,0.770806686
56,3,TRUE,40,Graduate,G,0.734056857
57,3,TRUE,56,Graduate,A,0.422849796
58,3,TRUE,40,Graduate,J,0.192945633
59,3,TRUE,35,Bachelors,C,0.186308253
60,3,TRUE,46,HighSchoolOrCollege,D,0.411129251
61,3,TRUE,44,HighSchoolOrCollege,F,0.598278749
62,3,TRUE,57,Bachelors,A,0.491406814
63,3,TRUE,36,HighSchoolOrCollege,G,0.583943591
64,3,TRUE,52,HighSchoolOrCollege,I,0.330606159
65,3,TRUE,23,HighSchoolOrCollege,I,0.498178653
66,3,TRUE,51,Bachelors,J,0.773765426
67,3,TRUE,19,HighSchoolOrCollege,C,0.438788793
68,3,TRUE,42,HighSchoolOrCollege,G,0.519538618
69,3,TRUE,24,Bachelors,B,0.743901318
70,3,TRUE,49,HighSchoolOrCollege,D,0.72544679
71,3,TRUE,59,Bachelors,J,0.947066909
72,3,TRUE,21,Bachelors,B,0.218744284
73,3,TRUE,32,Bachelors,H,0.381370977
74,3,TRUE,48,HighSchoolOrCollege,B,0.904601349
75,2,FALSE,59,HighSchoolOrCollege,A,0.791342831
76,2,FALSE,34,HighSchoolOrCollege,I,0.362917704
77,2,FALSE,20,HighSchoolOrCollege,C,0.621716267
78,2,FALSE,24,Graduate,B,0.188638917
79,2,FALSE,56,HighSchoolOrCollege,C,0.03403389
80,2,FALSE,59,HighSchoolOrCollege,E,0.40138993
81,2,FALSE,27,Graduate,D,0.871320255
82,2,FALSE,40,Graduate,H,0.955760648
83,2,FALSE,53,HighSchoolOrCollege,C,0.027148207
84,2,FALSE,33,HighSchoolOrCollege,J,0.455102277
85,2,FALSE,45,HighSchoolOrCollege,A,0.354510651
86,2,FALSE,31,HighSchoolOrCollege,C,0.399201318
87,2,FALSE,58,HighSchoolOrCollege,A,0.725176476
88,2,FALSE,20,HighSchoolOrCollege,A,0.746921002
89,2,FALSE,54,HighSchoolOrCollege,J,0.169054036
90,2,FALSE,20,HighSchoolOrCollege,E,0.139818869
91,2,FALSE,41,HighSchoolOrCollege,E,0.733204092
92,2,FALSE,43,HighSchoolOrCollege,J,0.467868166
93,2,FALSE,48,HighSchoolOrCollege,B,0.580101654
94,2,FALSE,23,Bachelors,C,0.413830119
95,2,FALSE,47,Low,H,0.451218504
96,2,FALSE,23,HighSchoolOrCollege,B,0.504845427
97,2,FALSE,56,Graduate,J,0.679506778
98,2,FALSE,55,HighSchoolOrCollege,B,0.366630644
99,2,FALSE,31,Bachelors,H,0.39686665
100,2,FALSE,29,Low,F,0.142686163
101,2,FALSE,38,HighSchoolOrCollege,A,0.020504586
102,2,FALSE,56,Bachelors,A,0.265501227
103,2,FALSE,18,Bachelors,J,0.194724115
104,2,FALSE,47,HighSchoolOrCollege,F,0.991414933
105,2,FALSE,52,HighSchoolOrCollege,J,0.851915894
106,2,FALSE,34,Bachelors,A,0.700811306
107,2,FALSE,26,HighSchoolOrCollege,C,0.357131296
108,2,FALSE,36,HighSchoolOrCollege,C,0.098903572
109,2,FALSE,52,HighSchoolOrCollege,C,0.290464519
110,2,FALSE,26,HighSchoolOrCollege,D,0.313305546
111,2,FALSE,30,HighSchoolOrCollege,B,0.720330648
112,2,FALSE,23,Graduate,C,0.646977694
113,2,FALSE,51,Graduate,G,0.999233967
114,2,FALSE,55,Graduate,G,0.413490065
115,2,FALSE,56,HighSchoolOrCollege,J,0.57753282
116,2,FALSE,43,Graduate,E,0.30282788
117,2,FALSE,22,Bachelors,F,0.760663448
118,2,FALSE,33,Bachelors,C,0.140611532
119,2,FALSE,32,Graduate,B,0.612907872
120,2,FALSE,31,HighSchoolOrCollege,E,0.876546337
121,2,FALSE,45,HighSchoolOrCollege,F,0.41537229
122,2,FALSE,37,HighSchoolOrCollege,A,0.159723746
123,2,FALSE,43,HighSchoolOrCollege,B,0.118152103
124,2,FALSE,49,Graduate,I,0.14336634
125,2,FALSE,50,Graduate,E,0.150075471
126,2,FALSE,26,HighSchoolOrCollege,A,0.72895287
127,2,FALSE,60,HighSchoolOrCollege,E,0.882038681
128,2,FALSE,57,Bachelors,G,0.718790546
129,2,FALSE,27,HighSchoolOrCollege,B,0.371183768
130,2,FALSE,48,HighSchoolOrCollege,J,0.524660325
131,2,FALSE,26,Bachelors,H,0.802929522
132,2,FALSE,36,Graduate,I,0.540291283
133,2,FALSE,27,HighSchoolOrCollege,I,0.551268581
134,2,FALSE,53,HighSchoolOrCollege,D,0.247000174
135,2,FALSE,59,HighSchoolOrCollege,E,0.86081073
136,2,FALSE,34,Graduate,A,0.555650922
137,2,FALSE,34,HighSchoolOrCollege,C,0.87301128
138,2,FALSE,49,HighSchoolOrCollege,H,0.732757238
139,2,FALSE,48,Bachelors,C,0.846097713
140,2,FALSE,24,Bachelors,I,0.216307476
141,2,FALSE,24,Bachelors,B,0.792161061
142,2,FALSE,24,HighSchoolOrCollege,F,0.789243454
143,2,FALSE,18,HighSchoolOrCollege,A,0.107753878
144,2,FALSE,23,HighSchoolOrCollege,I,0.444080663
145,2,FALSE,30,HighSchoolOrCollege,F,0.882253016
146,2,FALSE,46,HighSchoolOrCollege,J,0.643761923
147,2,FALSE,44,HighSchoolOrCollege,J,0.528698226
148,2,FALSE,37,Bachelors,A,0.266938991
149,2,FALSE,26,Bachelors,A,0.80654106
150,2,FALSE,44,Bachelors,H,0.20807405
151,2,FALSE,46,Low,G,0.159854965
152,2,FALSE,41,HighSchoolOrCollege,I,0.6089739
153,2,FALSE,23,HighSchoolOrCollege,A,0.758079342
154,2,FALSE,29,HighSchoolOrCollege,J,0.954706293
155,2,FALSE,55,Graduate,A,0.176618296
156,2,FALSE,52,HighSchoolOrCollege,J,0.466716971
157,2,FALSE,25,Graduate,J,0.254005742
158,2,FALSE,25,Graduate,J,0.468930899
159,2,FALSE,39,HighSchoolOrCollege,G,0.24297235
160,2,FALSE,52,Bachelors,F,0.168095803
161,2,FALSE,47,HighSchoolOrCollege,A,0.965708743
162,2,FALSE,36,HighSchoolOrCollege,B,0.936659644
163,2,FALSE,26,HighSchoolOrCollege,D,0.225309113
164,2,FALSE,27,Graduate,F,0.812453062
165,2,FALSE,30,Graduate,G,0.964990249
166,2,FALSE,21,Low,A,0.627739055
167,2,FALSE,49,HighSchoolOrCollege,F,0.846680285
168,1,FALSE,48,Graduate,G,0.365595636
169,1,FALSE,24,HighSchoolOrCollege,J,0.364391587
170,1,FALSE,20,Bachelors,G,0.133248852
171,1,FALSE,58,Low,I,0.114389766
172,1,FALSE,38,Graduate,I,0.575001936
173,1,FALSE,19,Graduate,C,0.78521373
174,1,FALSE,43,Graduate,D,0.718049535
175,1,FALSE,22,HighSchoolOrCollege,I,0.481863571
176,1,FALSE,24,Graduate,J,0.931237599
177,1,FALSE,23,HighSchoolOrCollege,E,0.495453274
178,1,FALSE,29,Bachelors,E,0.725246226
179,1,FALSE,44,Bachelors,F,0.900831449
180,1,FALSE,34,Low,H,0.100777319
181,1,FALSE,22,HighSchoolOrCollege,E,0.787497465
182,1,FALSE,26,HighSchoolOrCollege,C,0.839659224
183,1,FALSE,41,Graduate,F,0.109940826
184,1,FALSE,38,HighSchoolOrCollege,G,0.95269116
185,1,FALSE,31,HighSchoolOrCollege,G,0.270514436
186,1,FALSE,38,Graduate,C,0.89222241
187,1,FALSE,44,Low,B,0.207533138
188,1,FALSE,19,Bachelors,D,0.730336584
189,1,FALSE,53,Graduate,E,0.216100876
190,1,FALSE,31,Bachelors,H,0.61053033
191,1,FALSE,48,HighSchoolOrCollege,G,0.447070968
192,1,FALSE,59,HighSchoolOrCollege,I,0.262612842
193,1,FALSE,23,Bachelors,D,0.976160413
194,1,FALSE,23,Bachelors,A,0.162966636
195,1,FALSE,60,Graduate,B,0.058702708
196,1,FALSE,28,Low,I,0.360151845
197,1,FALSE,30,HighSchoolOrCollege,C,0.901982488
198,1,FALSE,39,Bachelors,H,0.321634269
199,1,FALSE,31,HighSchoolOrCollege,A,0.379086335
200,1,FALSE,51,Graduate,H,0.122095522
201,1,FALSE,54,HighSchoolOrCollege,A,0.203183443
202,1,FALSE,25,HighSchoolOrCollege,A,0.985936814
203,1,FALSE,24,HighSchoolOrCollege,J,0.939180121
204,1,FALSE,33,Low,C,0.271944209
205,1,FALSE,37,HighSchoolOrCollege,I,0.194899452
206,1,FALSE,52,HighSchoolOrCollege,D,0.365692745
207,1,FALSE,30,Bachelors,B,0.814611008
208,1,FALSE,56,HighSchoolOrCollege,E,0.371925591
209,1,FALSE,24,HighSchoolOrCollege,C,0.25635218
210,1,FALSE,18,Low,A,0.857673439
211,1,FALSE,20,Bachelors,F,0.214486332
212,1,FALSE,60,HighSchoolOrCollege,D,0.748988452
213,1,FALSE,44,Bachelors,I,0.961066785
214,1,FALSE,33,HighSchoolOrCollege,C,0.300610569
215,1,FALSE,31,Bachelors,A,0.089838002
216,1,FALSE,38,HighSchoolOrCollege,C,0.153900625
217,1,FALSE,57,HighSchoolOrCollege,F,0.948411855
218,1,FALSE,38,HighSchoolOrCollege,B,0.971074532
219,1,FALSE,57,HighSchoolOrCollege,I,0.955659284
220,1,FALSE,56,Graduate,F,0.79251329
221,1,FALSE,50,HighSchoolOrCollege,I,0.727868507
222,1,FALSE,44,HighSchoolOrCollege,G,0.617025806
223,1,FALSE,43,Bachelors,F,0.700821194
224,1,FALSE,41,Low,G,0.28441375
225,1,FALSE,49,HighSchoolOrCollege,E,0.004829228
226,1,FALSE,43,Bachelors,I,0.965943386
227,1,FALSE,59,HighSchoolOrCollege,H,0.490213553
228,1,FALSE,53,Bachelors,J,0.168680628
229,1,FALSE,41,Bachelors,G,0.68602034
230,1,FALSE,52,Bachelors,D,0.004466007
231,1,FALSE,59,HighSchoolOrCollege,A,0.902213545
232,1,FALSE,53,HighSchoolOrCollege,C,0.96685839
233,1,FALSE,38,Graduate,A,0.263283426
234,1,FALSE,43,Graduate,C,0.332411556
235,1,FALSE,29,Graduate,G,0.936585851
236,1,FALSE,44,Low,I,0.10774033
237,1,FALSE,48,Graduate,C,0.110877355
238,1,FALSE,21,Low,A,0.256101892
239,1,FALSE,45,Low,I,0.795405195
240,1,FALSE,21,Graduate,J,0.641752748
241,1,FALSE,30,HighSchoolOrCollege,I,0.088547964
242,1,FALSE,26,Graduate,H,0.113248116
243,1,FALSE,31,HighSchoolOrCollege,H,0.662515201
244,1,FALSE,30,HighSchoolOrCollege,I,0.969991586
245,1,FALSE,52,Graduate,C,0.859058201
246,1,FALSE,30,HighSchoolOrCollege,B,0.968768651
247,1,FALSE,33,Low,B,0.867500339
248,1,FALSE,51,Bachelors,H,0.287889236
249,1,FALSE,25,Graduate,G,0.842954238
250,1,FALSE,59,HighSchoolOrCollege,E,0.627740735
251,1,FALSE,58,HighSchoolOrCollege,D,0.386580333
252,3,TRUE,59,HighSchoolOrCollege,D,0.564718074
253,3,TRUE,43,Graduate,G,0.560328176
254,3,TRUE,23,Bachelors,D,0.17968177
255,3,TRUE,59,HighSchoolOrCollege,H,0.852187763
256,3,TRUE,25,HighSchoolOrCollege,F,0.807211251
257,3,TRUE,24,HighSchoolOrCollege,D,0.405851044
258,3,TRUE,37,Bachelors,G,0.951577316
259,3,TRUE,31,HighSchoolOrCollege,J,0.19286307
260,3,TRUE,52,Graduate,B,0.33366576
261,3,TRUE,29,HighSchoolOrCollege,H,0.465652496
262,3,TRUE,52,HighSchoolOrCollege,F,0.664033926
263,3,TRUE,31,HighSchoolOrCollege,A,0.223825175
264,3,TRUE,28,HighSchoolOrCollege,H,0.106440071
265,3,TRUE,44,Bachelors,D,0.048044295
266,3,TRUE,32,Graduate,F,0.972629863
267,3,TRUE,59,HighSchoolOrCollege,G,0.798810236
268,3,TRUE,53,HighSchoolOrCollege,G,0.041170737
269,3,TRUE,56,HighSchoolOrCollege,F,0.36077235
270,3,TRUE,32,HighSchoolOrCollege,E,0.173976665
271,3,TRUE,57,HighSchoolOrCollege,D,0.331893543
272,3,TRUE,47,HighSchoolOrCollege,F,0.669281126
273,3,TRUE,46,HighSchoolOrCollege,B,0.874083512
274,3,TRUE,44,HighSchoolOrCollege,G,0.79265137
275,3,TRUE,60,HighSchoolOrCollege,F,0.173802734
276,3,TRUE,50,Bachelors,A,0.107405002
277,3,TRUE,34,HighSchoolOrCollege,E,0.836787725
278,3,TRUE,56,Bachelors,B,0.259541618
279,3,TRUE,23,HighSchoolOrCollege,A,0.811965348
280,3,TRUE,25,Bachelors,J,0.102762652
281,3,TRUE,27,HighSchoolOrCollege,C,0.478284265
282,3,TRUE,38,HighSchoolOrCollege,B,0.109360456
283,3,TRUE,60,Graduate,D,0.880967299
284,3,TRUE,52,HighSchoolOrCollege,B,0.754293139
285,3,TRUE,45,HighSchoolOrCollege,A,0.897884327
286,3,TRUE,20,HighSchoolOrCollege,E,0.476984055
287,3,TRUE,51,HighSchoolOrCollege,E,0.599616007
288,3,TRUE,34,HighSchoolOrCollege,C,0.910143395
289,3,TRUE,35,Graduate,E,0.955240694
290,3,TRUE,43,Graduate,A,0.271552097
291,3,TRUE,37,Low,E,0.370084679
292,3,TRUE,27,Bachelors,B,0.686374918
293,3,TRUE,31,HighSchoolOrCollege,F,0.126082302
294,3,TRUE,24,HighSchoolOrCollege,G,0.847052228
295,3,TRUE,41,Graduate,F,0.439355556
296,3,TRUE,39,Graduate,H,0.548350934
297,3,TRUE,53,HighSchoolOrCollege,D,0.057905387
298,3,TRUE,45,HighSchoolOrCollege,G,0.852555697
299,3,TRUE,35,HighSchoolOrCollege,I,0.5149016
300,3,TRUE,58,HighSchoolOrCollege,H,0.21434781
301,3,TRUE,46,Low,J,0.873371058
302,3,TRUE,44,HighSchoolOrCollege,A,0.254585434
303,3,TRUE,34,Graduate,F,0.543218407
304,3,TRUE,50,HighSchoolOrCollege,H,0.183595892
305,3,TRUE,31,Bachelors,C,0.84325552
306,3,TRUE,49,HighSchoolOrCollege,I,0.260386143
307,3,TRUE,38,Graduate,H,0.962210067
308,3,TRUE,30,HighSchoolOrCollege,F,0.172405182
309,3,TRUE,30,HighSchoolOrCollege,E,0.125682773
310,3,TRUE,29,HighSchoolOrCollege,H,0.061286668
311,3,TRUE,45,HighSchoolOrCollege,D,0.699020662
312,3,TRUE,42,HighSchoolOrCollege,A,0.260798961
313,3,TRUE,55,Low,I,0.093271632
314,3,TRUE,20,HighSchoolOrCollege,H,0.633335142
315,3,TRUE,25,Graduate,B,0.287666416
316,3,TRUE,34,HighSchoolOrCollege,H,0.175386489
317,3,TRUE,52,Low,G,0.494087429
318,3,TRUE,55,HighSchoolOrCollege,F,0.473772081
319,3,TRUE,32,Low,B,0.253614379
320,3,TRUE,53,Bachelors,G,0.477539156
321,3,TRUE,18,Graduate,F,0.842877969
322,3,TRUE,59,HighSchoolOrCollege,I,0.650831243
323,3,TRUE,31,Graduate,B,0.757226712
324,3,TRUE,48,HighSchoolOrCollege,C,0.122182828
325,3,TRUE,19,HighSchoolOrCollege,I,0.480441948
326,3,TRUE,24,Bachelors,F,0.654885921
327,2,FALSE,55,HighSchoolOrCollege,C,0.228872071
328,2,FALSE,51,Low,H,0.346047608
329,2,FALSE,53,Bachelors,J,0.085267909
330,2,FALSE,25,Graduate,G,0.7738118
331,2,FALSE,18,Graduate,G,0.417763616
332,2,FALSE,23,Bachelors,H,0.323175901
333,2,FALSE,37,Bachelors,G,0.299174844
334,2,FALSE,22,Bachelors,J,0.103185768
335,2,FALSE,47,Graduate,H,0.328727521
336,2,FALSE,56,Graduate,G,0.600454813
337,2,FALSE,58,Graduate,B,0.108965479
338,2,FALSE,52,HighSchoolOrCollege,H,0.713809975
339,2,FALSE,29,Bachelors,H,0.21098913
340,2,FALSE,33,Graduate,E,0.034283769
341,2,FALSE,34,HighSchoolOrCollege,G,0.227355255
342,2,FALSE,43,HighSchoolOrCollege,E,0.584828154
343,2,FALSE,42,Bachelors,C,0.029688855
344,2,FALSE,41,HighSchoolOrCollege,D,0.025541228
345,2,FALSE,36,Bachelors,E,0.464569175
346,2,FALSE,55,Low,J,0.70462894
347,2,FALSE,30,Bachelors,D,0.270904553
348,2,FALSE,43,HighSchoolOrCollege,A,0.573738776
349,2,FALSE,19,HighSchoolOrCollege,B,0.51011746
350,2,FALSE,38,Graduate,I,0.517999111
351,2,FALSE,59,Bachelors,E,0.269322751
352,2,FALSE,29,HighSchoolOrCollege,C,0.788841177
353,2,FALSE,34,Low,E,0.34088384
354,2,FALSE,60,Low,C,0.21035075
355,2,FALSE,38,Graduate,J,0.735837586
356,2,FALSE,31,HighSchoolOrCollege,C,0.686094014
357,2,FALSE,40,Graduate,B,0.536520661
358,2,FALSE,36,HighSchoolOrCollege,F,0.969014671
359,2,FALSE,43,HighSchoolOrCollege,H,0.757990018
360,2,FALSE,32,HighSchoolOrCollege,H,0.41088011
361,2,FALSE,32,Low,F,0.299050559
362,2,FALSE,28,HighSchoolOrCollege,D,0.753234813
363,2,FALSE,49,Graduate,G,0.404476978
364,2,FALSE,19,HighSchoolOrCollege,J,0.253379525
365,2,FALSE,20,Low,G,0.438986616
366,2,FALSE,39,HighSchoolOrCollege,H,0.138808298
367,2,FALSE,29,HighSchoolOrCollege,B,0.13664462
368,2,FALSE,20,Graduate,D,0.039923482
369,2,FALSE,54,HighSchoolOrCollege,I,0.139040705
370,2,FALSE,33,Bachelors,J,0.70247421
371,2,FALSE,38,HighSchoolOrCollege,E,0.371688755
372,2,FALSE,18,Bachelors,A,0.986983183
373,2,FALSE,38,Graduate,B,0.979407864
374,2,FALSE,57,HighSchoolOrCollege,F,0.85417223
375,2,FALSE,34,HighSchoolOrCollege,D,0.184734538
376,2,FALSE,19,HighSchoolOrCollege,F,0.141162784
377,2,FALSE,30,Graduate,G,0.035335186
378,2,FALSE,60,HighSchoolOrCollege,C,0.991810222
379,2,FALSE,38,HighSchoolOrCollege,F,0.061959185
380,2,FALSE,38,HighSchoolOrCollege,C,0.690118062
381,2,FALSE,59,HighSchoolOrCollege,A,0.621188126
382,2,FALSE,43,HighSchoolOrCollege,H,0.964579432
383,2,FALSE,23,HighSchoolOrCollege,J,0.694582993
384,2,FALSE,39,HighSchoolOrCollege,G,0.949906952
385,2,FALSE,19,HighSchoolOrCollege,F,0.569018722
386,2,FALSE,39,Graduate,H,0.479804894
387,2,FALSE,58,HighSchoolOrCollege,G,0.401545108
388,2,FALSE,48,Graduate,A,0.687759804
389,2,FALSE,52,Graduate,J,0.596117189
390,2,FALSE,31,Bachelors,J,0.76530714
391,2,FALSE,42,Low,G,0.140477262
392,2,FALSE,43,HighSchoolOrCollege,J,0.848830989
393,2,FALSE,26,HighSchoolOrCollege,G,0.909124868
394,2,FALSE,54,HighSchoolOrCollege,A,0.52722067
395,2,FALSE,54,Graduate,G,0.675097131
396,2,FALSE,41,Bachelors,G,0.364809779
397,2,FALSE,60,HighSchoolOrCollege,H,0.396967817
398,2,FALSE,53,Bachelors,I,0.963462391
399,2,FALSE,33,HighSchoolOrCollege,J,0.082643442
400,2,FALSE,36,HighSchoolOrCollege,F,0.512379139
401,2,FALSE,47,HighSchoolOrCollege,J,0.264710804
402,2,FALSE,24,HighSchoolOrCollege,J,0.674497947
403,2,FALSE,44,Bachelors,J,0.884407261
404,2,FALSE,58,Low,I,0.230962551
405,2,FALSE,25,HighSchoolOrCollege,D,0.617829242
406,2,FALSE,24,HighSchoolOrCollege,H,0.801609951
407,2,FALSE,20,HighSchoolOrCollege,A,0.686077576
408,2,FALSE,33,Bachelors,H,0.794096009
409,2,FALSE,18,Graduate,H,0.645271398
410,2,FALSE,42,HighSchoolOrCollege,B,0.175733331
411,2,FALSE,21,HighSchoolOrCollege,I,0.507728111
412,2,FALSE,58,HighSchoolOrCollege,A,0.662852559
413,2,FALSE,56,Graduate,D,0.106292289
414,2,FALSE,24,HighSchoolOrCollege,G,0.171319189
415,2,FALSE,18,HighSchoolOrCollege,I,0.128459971
416,2,FALSE,30,Bachelors,G,0.370202736
417,2,FALSE,38,HighSchoolOrCollege,G,0.695894652
418,2,FALSE,44,HighSchoolOrCollege,E,0.976850716
419,2,FALSE,36,Low,A,0.622118277
420,1,FALSE,55,HighSchoolOrCollege,G,0.085672033
421,1,FALSE,38,Bachelors,A,0.517662469
422,1,FALSE,27,Graduate,D,0.647441392
423,1,FALSE,53,HighSchoolOrCollege,I,0.132465984
424,1,FALSE,49,HighSchoolOrCollege,D,0.723576465
425,1,FALSE,33,HighSchoolOrCollege,E,0.334417031
426,1,FALSE,41,Graduate,G,0.469702696
427,1,FALSE,37,Bachelors,H,0.916735753
428,1,FALSE,44,HighSchoolOrCollege,G,0.09631243
429,1,FALSE,53,Graduate,H,0.059265966
430,1,FALSE,49,HighSchoolOrCollege,C,0.949453894
431,1,FALSE,20,HighSchoolOrCollege,E,0.420302416
432,1,FALSE,26,Bachelors,G,0.981851015
433,1,FALSE,32,Bachelors,G,9.85E-04
434,1,FALSE,25,Bachelors,A,0.618031654
435,1,FALSE,27,Low,C,0.725281643
436,1,FALSE,36,HighSchoolOrCollege,J,0.949412047
437,1,FALSE,25,HighSchoolOrCollege,G,0.450502705
438,1,FALSE,43,Graduate,D,0.63736647
439,1,FALSE,35,HighSchoolOrCollege,I,0.930702522
440,1,FALSE,32,HighSchoolOrCollege,H,0.049076886
441,1,FALSE,49,HighSchoolOrCollege,C,0.800759302
442,1,FALSE,27,Bachelors,J,0.523649971
443,1,FALSE,56,HighSchoolOrCollege,F,0.758121962
444,1,FALSE,30,Graduate,H,0.048951659
445,1,FALSE,23,Bachelors,B,0.496667064
446,1,FALSE,31,Graduate,B,0.154285175
447,1,FALSE,49,Graduate,G,0.689153128
448,1,FALSE,28,Graduate,E,0.924288993
449,1,FALSE,41,Graduate,H,0.392066569
450,1,FALSE,35,HighSchoolOrCollege,A,0.504323829
451,1,FALSE,19,HighSchoolOrCollege,G,0.164418633
452,1,FALSE,18,HighSchoolOrCollege,J,0.742684694
453,1,FALSE,35,HighSchoolOrCollege,H,0.811967182
454,1,FALSE,43,Bachelors,B,0.249578287
455,1,FALSE,49,HighSchoolOrCollege,F,0.158418515
456,1,FALSE,25,HighSchoolOrCollege,H,0.685091778
457,1,FALSE,57,HighSchoolOrCollege,F,0.151671229
458,1,FALSE,24,HighSchoolOrCollege,A,0.312528351
459,1,FALSE,18,Bachelors,J,0.344762529
460,1,FALSE,37,Bachelors,J,0.969102133
461,1,FALSE,55,Bachelors,D,0.302215803
462,1,FALSE,60,Low,H,0.773790326
463,1,FALSE,42,Graduate,F,0.353252364
464,1,FALSE,31,Graduate,C,0.923037343
465,1,FALSE,29,HighSchoolOrCollege,J,0.329111154
466,1,FALSE,20,HighSchoolOrCollege,I,0.191165293
467,1,FALSE,38,HighSchoolOrCollege,C,0.586290946
468,1,FALSE,40,HighSchoolOrCollege,J,0.45189519
469,1,FALSE,26,Bachelors,H,0.554244414
470,1,FALSE,18,HighSchoolOrCollege,J,0.679944615
471,1,FALSE,36,Graduate,J,0.039582663
472,1,FALSE,59,Graduate,E,0.941687305
473,1,FALSE,60,Bachelors,B,0.614071428
474,1,FALSE,49,Graduate,I,0.088574034
475,1,FALSE,24,Graduate,E,0.237641609
476,1,FALSE,26,HighSchoolOrCollege,C,0.094335508
477,1,FALSE,37,HighSchoolOrCollege,B,0.383485068
478,1,FALSE,58,Bachelors,D,0.495874155
479,1,FALSE,58,HighSchoolOrCollege,A,0.753570226
480,1,FALSE,39,HighSchoolOrCollege,B,0.211241597
481,1,FALSE,44,Low,B,0.563457797
482,1,FALSE,55,HighSchoolOrCollege,I,0.012329643
483,1,FALSE,36,Graduate,J,0.209746249
484,1,FALSE,42,Bachelors,B,0.936547208
485,1,FALSE,28,Low,F,0.24042683
486,1,FALSE,29,Low,G,0.02038719
487,1,FALSE,49,Bachelors,I,0.471347147
488,1,FALSE,51,HighSchoolOrCollege,F,0.770104322
489,1,FALSE,24,Bachelors,A,0.107608661
490,1,FALSE,46,HighSchoolOrCollege,D,0.008404856
491,1,FALSE,19,Bachelors,B,0.843920569
492,1,FALSE,58,Bachelors,I,0.364100624
493,1,FALSE,29,Bachelors,I,0.641308283
494,1,FALSE,40,HighSchoolOrCollege,E,0.149860389
495,1,FALSE,47,HighSchoolOrCollege,H,0.478280008
496,1,FALSE,49,HighSchoolOrCollege,F,0.145298865
497,1,FALSE,28,HighSchoolOrCollege,D,0.906250776
498,1,FALSE,49,HighSchoolOrCollege,B,0.653874654
499,1,FALSE,28,Graduate,I,0.494442294
500,1,FALSE,53,HighSchoolOrCollege,C,0.239743189
501,1,FALSE,23,Bachelors,E,0.895202266
502,1,FALSE,18,HighSchoolOrCollege,F,0.597042481
503,1,FALSE,24,HighSchoolOrCollege,A,0.892482505
504,3,TRUE,35,HighSchoolOrCollege,C,0.108711953
505,3,TRUE,45,HighSchoolOrCollege,F,0.466477753
506,3,TRUE,34,Graduate,E,0.602514117
507,3,TRUE,34,Low,G,0.293051648
508,3,TRUE,31,HighSchoolOrCollege,F,0.87972655
509,3,TRUE,58,HighSchoolOrCollege,C,0.705961036
510,3,TRUE,25,HighSchoolOrCollege,G,0.716063608
511,3,TRUE,27,HighSchoolOrCollege,C,0.173537994
512,3,TRUE,48,HighSchoolOrCollege,F,0.66240327
513,3,TRUE,57,HighSchoolOrCollege,H,0.306487271
514,3,TRUE,41,HighSchoolOrCollege,E,0.896797286
515,3,TRUE,32,HighSchoolOrCollege,H,0.41490899
516,3,TRUE,22,HighSchoolOrCollege,A,0.369711957
517,3,TRUE,35,HighSchoolOrCollege,I,0.460451549
518,3,TRUE,44,HighSchoolOrCollege,A,0.379599106
519,3,TRUE,18,HighSchoolOrCollege,E,0.974802854
520,3,TRUE,40,Bachelors,H,0.154725513
521,3,TRUE,39,HighSchoolOrCollege,I,0.477456741
522,3,TRUE,20,Low,E,0.277699434
523,3,TRUE,31,HighSchoolOrCollege,D,0.80318727
524,3,TRUE,33,Bachelors,C,0.262933648
525,3,TRUE,55,HighSchoolOrCollege,D,0.01017311
526,3,TRUE,25,HighSchoolOrCollege,H,0.703025703
527,3,TRUE,31,HighSchoolOrCollege,F,0.543392106
528,3,TRUE,44,HighSchoolOrCollege,C,0.008329855
529,3,TRUE,27,Graduate,D,0.568405413
530,3,TRUE,42,HighSchoolOrCollege,A,0.585489943
531,3,TRUE,54,HighSchoolOrCollege,D,0.134122197
532,3,TRUE,51,Graduate,B,0.303479796
533,3,TRUE,51,HighSchoolOrCollege,E,0.504013735
534,3,TRUE,50,Bachelors,F,0.298257944
535,3,TRUE,46,Bachelors,H,0.428775106
536,3,TRUE,46,HighSchoolOrCollege,J,0.137689076
537,3,TRUE,42,HighSchoolOrCollege,D,0.969868254
538,3,TRUE,22,Bachelors,C,0.617029061
539,3,TRUE,47,Low,C,0.449809053
540,3,TRUE,44,Bachelors,C,0.820897579
541,3,TRUE,49,HighSchoolOrCollege,D,0.778143316
542,3,TRUE,27,Bachelors,D,0.149424876
543,3,TRUE,54,HighSchoolOrCollege,D,0.557004306
544,3,TRUE,18,Bachelors,G,0.574526753
545,3,TRUE,18,HighSchoolOrCollege,B,0.632529807
546,3,TRUE,60,Bachelors,H,0.061282494
547,3,TRUE,20,Bachelors,J,0.065619544
548,3,TRUE,54,Bachelors,H,0.061410383
549,3,TRUE,40,HighSchoolOrCollege,F,0.211903193
550,3,TRUE,46,HighSchoolOrCollege,J,0.420901962
551,3,TRUE,58,Graduate,D,0.492572167
552,3,TRUE,60,Graduate,E,0.057542458
553,3,TRUE,28,Low,A,0.100871333
554,3,TRUE,29,HighSchoolOrCollege,C,0.551760119
555,3,TRUE,23,HighSchoolOrCollege,J,0.604777434
556,3,TRUE,30,HighSchoolOrCollege,B,0.626384882
557,3,TRUE,18,HighSchoolOrCollege,D,0.540412762
558,3,TRUE,36,HighSchoolOrCollege,I,0.805252435
559,3,TRUE,60,Bachelors,A,0.684335696
560,3,TRUE,46,HighSchoolOrCollege,D,0.240288209
561,3,TRUE,51,HighSchoolOrCollege,A,0.24858955
562,3,TRUE,49,Bachelors,J,0.329193948
563,3,TRUE,41,Bachelors,I,0.970166283
564,3,TRUE,38,Bachelors,G,0.842958885
565,3,TRUE,56,Bachelors,C,0.906449778
566,3,TRUE,22,HighSchoolOrCollege,C,0.401423701
567,3,TRUE,50,Low,G,0.865316562
568,3,TRUE,52,Low,C,0.812872098
569,3,TRUE,20,HighSchoolOrCollege,C,0.650812395
570,3,TRUE,49,Bachelors,C,0.539205582
571,3,TRUE,57,HighSchoolOrCollege,D,0.36821258
572,3,TRUE,23,HighSchoolOrCollege,J,0.681954474
573,3,TRUE,49,Graduate,I,0.978406157
574,3,TRUE,57,HighSchoolOrCollege,J,0.856878184
575,3,TRUE,38,HighSchoolOrCollege,D,0.83712939
576,3,TRUE,23,Graduate,D,0.968722072
577,3,TRUE,19,HighSchoolOrCollege,G,0.93659165
578,3,TRUE,21,Bachelors,E,0.98284777
579,2,FALSE,48,Bachelors,F,0.768714853
580,2,FALSE,29,HighSchoolOrCollege,G,0.66433137
581,2,FALSE,60,Graduate,J,0.417992624
582,2,FALSE,50,HighSchoolOrCollege,D,0.468741471
583,2,FALSE,50,Graduate,J,0.568154176
584,2,FALSE,36,Bachelors,H,0.130737765
585,2,FALSE,34,Bachelors,D,0.265413241
586,2,FALSE,41,HighSchoolOrCollege,B,0.008705951
587,2,FALSE,51,HighSchoolOrCollege,F,0.444743825
588,2,FALSE,45,HighSchoolOrCollege,I,0.412038273
589,2,FALSE,23,HighSchoolOrCollege,I,0.975273877
590,2,FALSE,53,HighSchoolOrCollege,A,0.448569158
591,2,FALSE,54,Bachelors,H,0.263048698
592,2,FALSE,32,Graduate,A,0.22126511
593,2,FALSE,43,HighSchoolOrCollege,A,0.919710751
594,2,FALSE,37,Graduate,F,0.278112333
595,2,FALSE,27,Low,C,0.739359987
596,2,FALSE,19,Graduate,F,0.967555161
597,2,FALSE,30,HighSchoolOrCollege,I,0.408345757
598,2,FALSE,22,HighSchoolOrCollege,H,0.171959185
599,2,FALSE,32,HighSchoolOrCollege,G,0.998644049
600,2,FALSE,49,Bachelors,C,0.791591163
601,2,FALSE,32,HighSchoolOrCollege,E,0.585843678
602,2,FALSE,53,HighSchoolOrCollege,C,0.853874668
603,2,FALSE,59,HighSchoolOrCollege,E,0.751229979
604,2,FALSE,49,HighSchoolOrCollege,E,0.875113575
605,2,FALSE,44,HighSchoolOrCollege,D,0.705971019
606,2,FALSE,28,HighSchoolOrCollege,H,0.370138058
607,2,FALSE,53,HighSchoolOrCollege,I,0.370246957
608,2,FALSE,24,HighSchoolOrCollege,B,0.358497175
609,2,FALSE,42,Bachelors,H,0.213011118
610,2,FALSE,58,Graduate,G,0.526105544
611,2,FALSE,18,HighSchoolOrCollege,J,0.734927742
612,2,FALSE,41,Bachelors,J,0.034839253
613,2,FALSE,46,HighSchoolOrCollege,E,0.541632245
614,2,FALSE,45,HighSchoolOrCollege,H,0.059062573
615,2,FALSE,36,Low,H,0.79664861
616,2,FALSE,52,HighSchoolOrCollege,J,0.544782269
617,2,FALSE,26,HighSchoolOrCollege,A,0.965741735
618,2,FALSE,22,HighSchoolOrCollege,E,0.089915241
619,2,FALSE,31,HighSchoolOrCollege,E,0.025245948
620,2,FALSE,31,Bachelors,A,0.673541165
621,2,FALSE,34,HighSchoolOrCollege,H,0.738766851
622,2,FALSE,54,Bachelors,J,0.719188185
623,2,FALSE,56,HighSchoolOrCollege,B,0.576129491
624,2,FALSE,31,Bachelors,C,0.916163673
625,2,FALSE,35,HighSchoolOrCollege,G,0.604580267
626,2,FALSE,28,Bachelors,D,0.793880506
627,2,FALSE,60,Bachelors,H,0.26189132
628,2,FALSE,38,HighSchoolOrCollege,J,0.84035204
629,2,FALSE,59,HighSchoolOrCollege,I,0.38852626
630,2,FALSE,30,Bachelors,G,0.653881117
631,2,FALSE,56,HighSchoolOrCollege,G,0.217949026
632,2,FALSE,38,Bachelors,J,0.243164359
633,2,FALSE,32,Graduate,H,0.227976736
634,2,FALSE,52,HighSchoolOrCollege,G,0.915889403
635,2,FALSE,33,Graduate,J,0.447001762
636,2,FALSE,39,HighSchoolOrCollege,A,0.104168464
637,2,FALSE,23,Bachelors,F,0.573248725
638,2,FALSE,48,HighSchoolOrCollege,I,0.221999544
639,2,FALSE,19,HighSchoolOrCollege,H,0.527164931
640,2,FALSE,24,Bachelors,D,0.686982312
641,2,FALSE,25,HighSchoolOrCollege,E,0.396350271
642,2,FALSE,37,HighSchoolOrCollege,D,0.261732596
643,2,FALSE,55,HighSchoolOrCollege,A,0.619875624
644,2,FALSE,37,HighSchoolOrCollege,A,0.130781968
645,2,FALSE,33,Graduate,E,0.134078822
646,2,FALSE,36,Graduate,I,0.962520694
647,2,FALSE,54,Low,A,0.665589674
648,2,FALSE,49,Bachelors,B,0.634994302
649,2,FALSE,38,HighSchoolOrCollege,A,0.042960665
650,2,FALSE,31,Graduate,C,0.846974117
651,2,FALSE,24,HighSchoolOrCollege,E,0.047571871
652,2,FALSE,30,Bachelors,B,0.665307968
653,2,FALSE,40,HighSchoolOrCollege,J,0.39520838
654,2,FALSE,19,Bachelors,C,0.872069831
655,2,FALSE,30,HighSchoolOrCollege,F,0.380975259
656,2,FALSE,41,Bachelors,F,0.315950154
657,2,FALSE,46,HighSchoolOrCollege,B,0.71872952
658,2,FALSE,38,HighSchoolOrCollege,D,0.675085656
659,2,FALSE,49,Graduate,H,0.741834688
660,2,FALSE,30,Bachelors,D,0.354910317
661,2,FALSE,22,HighSchoolOrCollege,H,0.056860736
662,2,FALSE,47,Graduate,H,0.038611164
663,2,FALSE,22,HighSchoolOrCollege,D,0.937254935
664,2,FALSE,53,HighSchoolOrCollege,H,0.270124892
665,2,FALSE,30,HighSchoolOrCollege,G,0.172855291
666,2,FALSE,32,Bachelors,J,0.328627654
667,2,FALSE,19,HighSchoolOrCollege,F,0.037996177
668,2,FALSE,44,HighSchoolOrCollege,H,0.59491202
669,2,FALSE,28,HighSchoolOrCollege,B,0.183180758
670,2,FALSE,22,HighSchoolOrCollege,F,0.39578961
671,2,FALSE,51,HighSchoolOrCollege,C,0.270624129
672,1,FALSE,22,Bachelors,I,0.470322266
673,1,FALSE,23,Low,I,0.051798314
674,1,FALSE,43,HighSchoolOrCollege,F,0.543992757
675,1,FALSE,55,HighSchoolOrCollege,A,0.545251458
676,1,FALSE,37,HighSchoolOrCollege,J,0.068612756
677,1,FALSE,47,HighSchoolOrCollege,A,0.137446199
678,1,FALSE,38,Bachelors,D,0.90601112
679,1,FALSE,54,Graduate,F,0.980481087
680,1,FALSE,48,Low,C,0.141341978
681,1,FALSE,51,HighSchoolOrCollege,G,0.440943662
682,1,FALSE,32,HighSchoolOrCollege,B,0.392351739
683,1,FALSE,31,Graduate,G,0.241410497
684,1,FALSE,30,Graduate,C,0.411069142
685,1,FALSE,42,Bachelors,A,0.599260494
686,1,FALSE,21,Bachelors,C,0.786524128
687,1,FALSE,48,HighSchoolOrCollege,G,0.954361914
688,1,FALSE,50,HighSchoolOrCollege,J,0.434048369
689,1,FALSE,49,Bachelors,G,0.42355875
690,1,FALSE,50,Low,C,0.467859308
691,1,FALSE,36,Graduate,D,0.609420425
692,1,FALSE,54,Graduate,C,0.560883015
693,1,FALSE,39,HighSchoolOrCollege,B,0.402956862
694,1,FALSE,55,HighSchoolOrCollege,J,0.391601344
695,1,FALSE,55,Bachelors,H,0.54286479
696,1,FALSE,44,Bachelors,H,0.452363587
697,1,FALSE,26,HighSchoolOrCollege,A,0.976239224
698,1,FALSE,24,Bachelors,C,0.674877675
699,1,FALSE,33,HighSchoolOrCollege,A,0.055989127
700,1,FALSE,28,HighSchoolOrCollege,I,0.907301342
701,1,FALSE,50,HighSchoolOrCollege,G,0.440877016
702,1,FALSE,49,Bachelors,J,0.288396985
703,1,FALSE,49,HighSchoolOrCollege,F,0.609793327
704,1,FALSE,44,HighSchoolOrCollege,C,0.746716458
705,1,FALSE,50,HighSchoolOrCollege,E,0.692283941
706,1,FALSE,24,HighSchoolOrCollege,I,0.404529522
707,1,FALSE,57,HighSchoolOrCollege,F,0.275811473
708,1,FALSE,23,HighSchoolOrCollege,J,0.570765537
709,1,FALSE,52,HighSchoolOrCollege,G,0.100837923
710,1,FALSE,50,Bachelors,F,0.324954076
711,1,FALSE,27,Bachelors,D,0.942801579
712,1,FALSE,51,HighSchoolOrCollege,C,0.325503058
713,1,FALSE,22,Bachelors,D,0.11885355
714,1,FALSE,50,Graduate,C,0.905015948
715,1,FALSE,58,Graduate,D,0.373642689
716,1,FALSE,20,Bachelors,H,0.132319548
717,1,FALSE,36,HighSchoolOrCollege,G,0.318139199
718,1,FALSE,19,Graduate,E,0.839634412
719,1,FALSE,47,Low,F,0.960391982
720,1,FALSE,56,Graduate,C,0.930475595
721,1,FALSE,24,Bachelors,I,0.232407811
722,1,FALSE,35,HighSchoolOrCollege,E,0.634111119
723,1,FALSE,55,HighSchoolOrCollege,E,0.315916767
724,1,FALSE,50,Low,B,0.241785645
725,1,FALSE,57,HighSchoolOrCollege,A,0.624709649
726,1,FALSE,20,HighSchoolOrCollege,A,0.502901494
727,1,FALSE,58,Bachelors,J,0.945430646
728,1,FALSE,38,Low,H,0.037220396
729,1,FALSE,19,HighSchoolOrCollege,H,0.465075787
730,1,FALSE,48,HighSchoolOrCollege,A,0.748473896
731,1,FALSE,44,Bachelors,B,0.619208795
732,1,FALSE,41,Graduate,A,0.240042805
733,1,FALSE,50,Low,J,0.298490597
734,1,FALSE,38,Bachelors,H,0.522010625
735,1,FALSE,51,Low,F,0.063256748
736,1,FALSE,46,HighSchoolOrCollege,B,0.130649539
737,1,FALSE,43,Bachelors,F,0.933937799
738,1,FALSE,23,Bachelors,G,0.879171582
739,1,FALSE,49,HighSchoolOrCollege,I,0.68222841
740,1,FALSE,41,HighSchoolOrCollege,A,0.409040073
741,1,FALSE,49,HighSchoolOrCollege,C,0.187180439
742,1,FALSE,57,HighSchoolOrCollege,I,0.091096884
743,1,FALSE,51,Bachelors,C,0.077442954
744,1,FALSE,57,HighSchoolOrCollege,G,0.447644949
745,1,FALSE,50,HighSchoolOrCollege,J,0.10382656
746,1,FALSE,19,HighSchoolOrCollege,G,0.588102942
747,1,FALSE,36,HighSchoolOrCollege,A,0.066469676
748,1,FALSE,26,Graduate,E,0.874661744
749,1,FALSE,58,HighSchoolOrCollege,G,0.017790641
750,1,FALSE,30,Bachelors,G,0.262320121
751,1,FALSE,32,Graduate,E,0.77217008
752,1,FALSE,47,Graduate,E,0.736149674
753,1,FALSE,21,Bachelors,J,0.339503386
754,1,FALSE,34,Bachelors,A,0.17565975
755,1,FALSE,58,HighSchoolOrCollege,C,0.414137953
756,3,TRUE,28,Low,C,0.933334008
757,3,TRUE,58,HighSchoolOrCollege,I,0.797833033
758,3,TRUE,56,HighSchoolOrCollege,C,2.04E-04
759,3,TRUE,54,Graduate,I,0.880468848
760,3,TRUE,31,HighSchoolOrCollege,H,0.751787305
761,3,TRUE,29,Low,H,0.7844507
762,3,TRUE,22,HighSchoolOrCollege,C,0.815990235
763,3,TRUE,27,Graduate,F,0.338259596
764,3,TRUE,52,HighSchoolOrCollege,C,0.12564865
765,3,TRUE,29,Graduate,E,0.740682908
766,3,TRUE,38,HighSchoolOrCollege,F,0.573952621
767,3,TRUE,18,HighSchoolOrCollege,J,0.268937352
768,3,TRUE,28,HighSchoolOrCollege,G,0.808558886
769,3,TRUE,28,Graduate,D,0.289569911
770,3,TRUE,32,Bachelors,G,0.623466515
771,3,TRUE,51,Low,J,0.24609694
772,3,TRUE,38,Graduate,A,0.806871224
773,3,TRUE,23,Low,E,0.546776461
774,3,TRUE,32,HighSchoolOrCollege,J,0.854523316
775,3,TRUE,41,HighSchoolOrCollege,J,0.453217413
776,3,TRUE,34,Bachelors,D,0.321067111
777,3,TRUE,48,HighSchoolOrCollege,D,0.112504967
778,3,TRUE,18,HighSchoolOrCollege,J,0.449689991
779,3,TRUE,31,HighSchoolOrCollege,G,0.193751151
780,3,TRUE,35,Low,H,0.442987521
781,3,TRUE,42,HighSchoolOrCollege,J,0.1411042
782,3,TRUE,30,Bachelors,J,0.834580963
783,3,TRUE,47,HighSchoolOrCollege,B,0.377309384
784,3,TRUE,54,HighSchoolOrCollege,D,0.517238511
785,3,TRUE,55,HighSchoolOrCollege,I,0.747594455
786,3,TRUE,23,HighSchoolOrCollege,B,0.001365799
787,3,TRUE,37,HighSchoolOrCollege,H,0.14514474
788,3,TRUE,31,HighSchoolOrCollege,A,0.415138085
789,3,TRUE,35,HighSchoolOrCollege,I,0.839157196
790,3,TRUE,55,Low,D,0.706306798
791,3,TRUE,36,HighSchoolOrCollege,G,0.865257446
792,3,TRUE,47,Low,D,0.972081828
793,3,TRUE,40,HighSchoolOrCollege,I,0.695900691
794,3,TRUE,41,Low,B,0.818566502
795,3,TRUE,50,HighSchoolOrCollege,A,0.517422334
796,3,TRUE,58,HighSchoolOrCollege,F,0.430036143
797,3,TRUE,30,HighSchoolOrCollege,J,0.665923892
798,3,TRUE,36,Bachelors,I,0.96008167
799,3,TRUE,49,HighSchoolOrCollege,E,0.992601749
800,3,TRUE,50,Graduate,I,0.027591944
801,3,TRUE,43,Graduate,I,0.490190335
802,3,TRUE,18,Low,J,0.493231932
803,3,TRUE,43,HighSchoolOrCollege,B,0.217382928
804,3,TRUE,18,HighSchoolOrCollege,A,0.468583888
805,3,TRUE,19,HighSchoolOrCollege,I,0.328587955
806,3,TRUE,23,Low,B,0.437718862
807,3,TRUE,27,HighSchoolOrCollege,F,0.033479552
808,3,TRUE,56,HighSchoolOrCollege,E,0.8452362
809,3,TRUE,43,HighSchoolOrCollege,B,0.457280127
810,3,TRUE,46,HighSchoolOrCollege,C,0.144875993
811,3,TRUE,27,Graduate,D,0.030335914
812,3,TRUE,44,HighSchoolOrCollege,F,0.619525261
813,3,TRUE,29,HighSchoolOrCollege,F,0.539387528
814,3,TRUE,54,Bachelors,F,0.44174758
815,3,TRUE,38,HighSchoolOrCollege,F,0.521630433
816,3,TRUE,20,Low,G,0.206406844
817,3,TRUE,35,Low,J,0.501048865
818,3,TRUE,22,HighSchoolOrCollege,F,0.758474429
819,3,TRUE,18,Graduate,C,0.283066289
820,3,TRUE,44,Bachelors,E,0.065357535
821,3,TRUE,35,HighSchoolOrCollege,H,0.053564289
822,3,TRUE,57,HighSchoolOrCollege,B,0.202769644
823,3,TRUE,22,Graduate,A,0.269842118
824,3,TRUE,40,Low,E,0.904248183
825,3,TRUE,26,HighSchoolOrCollege,H,0.780884351
826,3,TRUE,28,Graduate,J,0.610736625
827,3,TRUE,38,HighSchoolOrCollege,G,0.97254096
828,3,TRUE,27,HighSchoolOrCollege,A,0.813680504
829,3,TRUE,26,HighSchoolOrCollege,B,0.280151127
830,3,TRUE,57,Bachelors,G,0.152431791
831,3,TRUE,55,Low,H,0.60769828
832,2,FALSE,47,Low,G,0.249719036
833,2,FALSE,22,HighSchoolOrCollege,D,0.139770688
834,2,FALSE,24,HighSchoolOrCollege,F,0.408977137
835,2,FALSE,49,Bachelors,D,0.957400017
836,2,FALSE,53,HighSchoolOrCollege,A,0.201801545
837,2,FALSE,49,HighSchoolOrCollege,F,0.048428984
838,2,FALSE,52,Bachelors,E,0.221489156
839,2,FALSE,29,Low,G,0.980908737
840,2,FALSE,47,Bachelors,E,0.469113963
841,2,FALSE,57,Graduate,G,0.655361489
842,2,FALSE,39,HighSchoolOrCollege,H,0.636640992
843,2,FALSE,59,Bachelors,H,0.683850663
844,2,FALSE,46,Bachelors,H,0.659909909
845,2,FALSE,40,HighSchoolOrCollege,G,0.234712133
846,2,FALSE,44,Low,J,0.247843267
847,2,FALSE,28,HighSchoolOrCollege,H,0.948917655
848,2,FALSE,34,Graduate,B,0.633519504
849,2,FALSE,30,Bachelors,I,0.828259584
850,2,FALSE,57,Bachelors,C,0.631431974
851,2,FALSE,19,Graduate,D,0.677712189
852,2,FALSE,50,HighSchoolOrCollege,F,0.30005276
853,2,FALSE,33,HighSchoolOrCollege,H,0.42856627
854,2,FALSE,28,Bachelors,B,0.042899175
855,2,FALSE,56,HighSchoolOrCollege,A,0.547588054
856,2,FALSE,38,HighSchoolOrCollege,J,0.370060753
857,2,FALSE,57,Bachelors,H,0.853049624
858,2,FALSE,31,HighSchoolOrCollege,J,0.87924161
859,2,FALSE,60,HighSchoolOrCollege,B,0.7135266
860,2,FALSE,29,HighSchoolOrCollege,D,0.839802108
861,2,FALSE,59,Bachelors,H,0.332054621
862,2,FALSE,53,HighSchoolOrCollege,H,0.997604884
863,2,FALSE,59,Bachelors,F,0.807449064
864,2,FALSE,49,HighSchoolOrCollege,I,0.416211045
865,2,FALSE,39,HighSchoolOrCollege,F,0.115098336
866,2,FALSE,42,Bachelors,I,0.997670843
867,2,FALSE,35,HighSchoolOrCollege,H,0.709526793
868,2,FALSE,51,HighSchoolOrCollege,I,0.38081745
869,2,FALSE,53,Graduate,I,0.495487226
870,2,FALSE,32,Bachelors,F,0.820903516
871,2,FALSE,48,Graduate,I,0.067887485
872,2,FALSE,37,HighSchoolOrCollege,C,0.928387676
873,2,FALSE,58,Bachelors,J,0.282834314
874,2,FALSE,55,Graduate,F,0.891019925
875,2,FALSE,35,HighSchoolOrCollege,B,0.535316197
876,2,FALSE,60,HighSchoolOrCollege,F,0.289402134
877,2,FALSE,24,Bachelors,J,0.573668238
878,2,FALSE,40,Bachelors,J,0.337456142
879,2,FALSE,53,Bachelors,A,0.353813394
880,2,FALSE,49,Bachelors,J,0.021946709
881,2,FALSE,53,Bachelors,C,0.889292896
882,2,FALSE,44,Graduate,G,0.20389365
883,2,FALSE,43,HighSchoolOrCollege,A,0.020957045
884,2,FALSE,51,Low,A,0.384062608
885,2,FALSE,60,HighSchoolOrCollege,E,0.280787048
886,2,FALSE,28,HighSchoolOrCollege,I,0.550077037
887,2,FALSE,22,HighSchoolOrCollege,C,0.983190272
888,2,FALSE,31,Graduate,B,0.643407835
889,2,FALSE,19,Bachelors,A,0.126644557
890,2,FALSE,21,Graduate,G,0.875200368
891,2,FALSE,28,Graduate,G,0.554827306
892,2,FALSE,46,HighSchoolOrCollege,H,0.03022743
893,2,FALSE,46,Graduate,F,0.540411016
894,2,FALSE,44,Bachelors,D,0.550025961
895,2,FALSE,40,Bachelors,A,0.628664697
896,2,FALSE,28,HighSchoolOrCollege,B,0.692154335
897,2,FALSE,50,HighSchoolOrCollege,B,0.385248792
898,2,FALSE,60,Graduate,J,0.486920328
899,2,FALSE,59,Graduate,B,0.544405537
900,2,FALSE,60,HighSchoolOrCollege,D,0.89356989
901,2,FALSE,37,HighSchoolOrCollege,F,0.480241663
902,2,FALSE,27,HighSchoolOrCollege,E,0.063125207
903,2,FALSE,23,Bachelors,G,0.210131243
904,2,FALSE,59,Bachelors,B,0.161994033
905,2,FALSE,50,Bachelors,J,0.533005979
906,2,FALSE,22,Bachelors,E,0.930669564
907,2,FALSE,31,HighSchoolOrCollege,F,0.632828416
908,2,FALSE,29,Bachelors,I,0.598767089
909,2,FALSE,44,HighSchoolOrCollege,I,0.014316555
910,2,FALSE,41,Bachelors,D,0.652990074
911,2,FALSE,50,HighSchoolOrCollege,C,0.303588097
912,2,FALSE,28,Graduate,H,0.933377794
913,2,FALSE,55,Bachelors,J,2.65E-04
914,2,FALSE,44,Graduate,D,0.405713393
915,2,FALSE,40,Bachelors,B,0.992351674
916,2,FALSE,38,Bachelors,D,0.784906863
917,2,FALSE,32,Bachelors,G,0.431612119
918,2,FALSE,33,Graduate,A,0.230593991
919,2,FALSE,56,HighSchoolOrCollege,C,0.283020728
920,2,FALSE,52,HighSchoolOrCollege,J,0.96153717
921,2,FALSE,52,Bachelors,G,0.931029947
922,2,FALSE,55,Bachelors,A,0.046984156
923,2,FALSE,55,HighSchoolOrCollege,E,0.8563378
924,2,FALSE,31,HighSchoolOrCollege,H,0.275547256
925,2,FALSE,42,HighSchoolOrCollege,J,0.132602239
926,1,FALSE,57,HighSchoolOrCollege,A,0.185717667
927,1,FALSE,58,Bachelors,D,0.093249599
928,1,FALSE,20,Bachelors,G,0.445184451
929,1,FALSE,43,HighSchoolOrCollege,E,0.777990984
930,1,FALSE,41,HighSchoolOrCollege,F,0.203002706
931,1,FALSE,30,HighSchoolOrCollege,I,0.88226691
932,1,FALSE,23,HighSchoolOrCollege,J,0.522667054
933,1,FALSE,53,HighSchoolOrCollege,D,0.097293702
934,1,FALSE,42,Graduate,B,0.536881382
935,1,FALSE,42,HighSchoolOrCollege,D,0.441937538
936,1,FALSE,33,Bachelors,F,0.235105787
937,1,FALSE,44,Bachelors,C,0.240105908
938,1,FALSE,60,HighSchoolOrCollege,F,0.679262409
939,1,FALSE,35,Low,J,0.880292697
940,1,FALSE,34,Bachelors,D,0.807027625
941,1,FALSE,50,Bachelors,J,0.840828509
942,1,FALSE,48,Bachelors,I,0.715480626
943,1,FALSE,50,Bachelors,H,0.449546034
944,1,FALSE,48,Graduate,B,0.660069967
945,1,FALSE,21,Bachelors,A,0.819895146
946,1,FALSE,60,HighSchoolOrCollege,J,0.010975349
947,1,FALSE,41,HighSchoolOrCollege,J,0.116646459
948,1,FALSE,26,Graduate,E,0.880591759
949,1,FALSE,19,HighSchoolOrCollege,A,0.380395715
950,1,FALSE,27,Bachelors,H,0.131920315
951,1,FALSE,25,Bachelors,E,0.932155545
952,1,FALSE,27,HighSchoolOrCollege,B,0.148548085
953,1,FALSE,45,Graduate,G,0.846871205
954,1,FALSE,41,Bachelors,F,0.556397418
955,1,FALSE,42,Graduate,A,0.305318637
956,1,FALSE,32,Graduate,F,0.217082066
957,1,FALSE,31,HighSchoolOrCollege,H,0.549042649
958,1,FALSE,33,Bachelors,H,0.301470597
959,1,FALSE,58,HighSchoolOrCollege,F,0.349445327
960,1,FALSE,35,Low,I,0.570251922
961,1,FALSE,21,Graduate,F,0.91308015
962,1,FALSE,45,Bachelors,H,0.890386981
963,1,FALSE,30,HighSchoolOrCollege,G,0.132914203
964,1,FALSE,50,HighSchoolOrCollege,I,0.455351665
965,1,FALSE,29,HighSchoolOrCollege,E,0.258533986
966,1,FALSE,46,Low,F,0.119913514
967,1,FALSE,33,HighSchoolOrCollege,A,0.950638773
968,1,FALSE,54,HighSchoolOrCollege,J,0.982251017
969,1,FALSE,45,Bachelors,A,0.172802708
970,1,FALSE,53,HighSchoolOrCollege,E,0.129766383
971,1,FALSE,54,HighSchoolOrCollege,G,0.159548434
972,1,FALSE,29,HighSchoolOrCollege,H,0.360847428
973,1,FALSE,20,Bachelors,D,0.274541862
974,1,FALSE,24,Bachelors,C,0.345104613
975,1,FALSE,47,HighSchoolOrCollege,B,0.086367063
976,1,FALSE,26,Bachelors,J,0.077140899
977,1,FALSE,52,Bachelors,E,0.502257508
978,1,FALSE,44,HighSchoolOrCollege,D,0.398379338
979,1,FALSE,30,HighSchoolOrCollege,C,0.357706459
980,1,FALSE,54,HighSchoolOrCollege,H,0.548974082
981,1,FALSE,35,HighSchoolOrCollege,F,0.458594873
982,1,FALSE,53,Bachelors,J,0.098639485
983,1,FALSE,44,Graduate,G,0.21831518
984,1,FALSE,35,Low,I,0.969600048
985,1,FALSE,46,HighSchoolOrCollege,E,0.198499294
986,1,FALSE,57,Bachelors,I,0.301652515
987,1,FALSE,20,Bachelors,B,0.182773504
988,1,FALSE,32,HighSchoolOrCollege,H,0.315707809
989,1,FALSE,57,HighSchoolOrCollege,F,0.659934449
990,1,FALSE,37,HighSchoolOrCollege,E,0.833977506
991,1,FALSE,21,Low,C,0.970492609
992,1,FALSE,48,Bachelors,F,0.280018247
993,1,FALSE,31,Graduate,I,0.905125735
994,1,FALSE,42,HighSchoolOrCollege,J,0.932521377
995,1,FALSE,60,HighSchoolOrCollege,C,0.444802157
996,1,FALSE,55,HighSchoolOrCollege,J,0.572648773
997,1,FALSE,48,Graduate,I,0.128853966
998,1,FALSE,53,Bachelors,H,0.335018383
999,1,FALSE,48,Bachelors,F,0.254432893
1000,1,FALSE,56,Graduate,B,0.983012498
1001,1,FALSE,49,Graduate,C,0.043433461
1002,1,FALSE,51,HighSchoolOrCollege,G,0.323610205
1003,1,FALSE,48,HighSchoolOrCollege,F,0.336785107
1004,1,FALSE,41,HighSchoolOrCollege,B,0.070626542
1005,1,FALSE,47,Bachelors,F,0.356881322
1006,1,FALSE,19,HighSchoolOrCollege,J,0.639268458
1007,1,FALSE,40,HighSchoolOrCollege,B,0.934347783
1008,1,FALSE,23,Graduate,C,0.163721028
1009,1,FALSE,39,Low,B,0.828330134
1010,1,FALSE,52,HighSchoolOrCollege,D,0.17538799