source,target,timestamp,price
4795,Brew've Been Served,1/6/2014 7:28,11.34
7108,Hallowed Grounds,1/6/2014 7:34,52.22
6816,Brew've Been Served,1/6/2014 7:35,8.33
9617,Hallowed Grounds,1/6/2014 7:36,16.72
7384,Brew've Been Served,1/6/2014 7:37,4.24
5368,Brew've Been Served,1/6/2014 7:38,4.17
7253,Coffee Cameleon,1/6/2014 7:42,28.73
4948,Brew've Been Served,1/6/2014 7:43,9.6
9683,Brew've Been Served,1/6/2014 7:43,16.9
8129,Hallowed Grounds,1/6/2014 7:47,16.53
3492,Hallowed Grounds,1/6/2014 7:48,10.66
5921,Coffee Cameleon,1/6/2014 7:49,8.39
9405,Brew've Been Served,1/6/2014 7:52,32.83
7889,Hallowed Grounds,1/6/2014 7:54,16.88
2142,Coffee Cameleon,1/6/2014 7:54,11.86
2681,Hallowed Grounds,1/6/2014 7:54,32.93
9551,Hallowed Grounds,1/6/2014 7:55,8.05
3484,Brew've Been Served,1/6/2014 7:55,3.67
7819,Brew've Been Served,1/6/2014 7:59,8.88
5407,Brew've Been Served,1/6/2014 8:00,4.27
6691,Hallowed Grounds,1/6/2014 8:00,9.69
1874,Hallowed Grounds,1/6/2014 8:01,10.07
3853,Brew've Been Served,1/6/2014 8:06,18.24
4434,Brew've Been Served,1/6/2014 8:06,15.58
6901,Brew've Been Served,1/6/2014 8:07,5.66
2418,Coffee Cameleon,1/6/2014 8:14,3.2
1286,Brew've Been Served,1/6/2014 8:16,14.97
8411,Brew've Been Served,1/6/2014 8:16,11.2
8202,Brew've Been Served,1/6/2014 8:17,15.39
9220,Abila Airport,1/6/2014 8:23,4540.08
9220,Kronos Pipe and Irrigation,1/6/2014 9:06,242.21
9735,Nationwide Refinery,1/6/2014 10:02,761.64
9220,Maximum Iron and Steel,1/6/2014 10:18,2859.51
9735,Stewart and Sons Fabrication,1/6/2014 11:33,2144.62
9220,Carlyle Chemical Inc.,1/6/2014 11:57,3959.66
7117,Coffee Shack,1/6/2014 12:00,51.51
1415,Bean There Done That,1/6/2014 12:00,10.28
9635,Bean There Done That,1/6/2014 12:00,16.09
7688,Brewed Awakenings,1/6/2014 12:00,5.72
6899,Jack's Magical Beans,1/6/2014 12:00,11.03
2540,Brewed Awakenings,1/6/2014 12:00,16.89
1877,Bean There Done That,1/6/2014 12:00,8.54
8332,Brewed Awakenings,1/6/2014 12:00,4.35
1321,Bean There Done That,1/6/2014 12:00,5.24
6895,Bean There Done That,1/6/2014 12:00,4.27
9241,Jack's Magical Beans,1/6/2014 12:00,18.59
8156,Jack's Magical Beans,1/6/2014 12:00,27.84
2463,Jack's Magical Beans,1/6/2014 12:00,18.1
8642,Abila Airport,1/6/2014 12:16,1873.79
8332,Katerina’s Café,1/6/2014 12:56,13.68
8156,Hippokampos,1/6/2014 12:57,9.16
2418,Abila Zacharo,1/6/2014 13:18,106.93
7253,Gelatogalore,1/6/2014 13:19,12.74
3484,Kalami Kafenion,1/6/2014 13:19,70.1
6691,Hippokampos,1/6/2014 13:20,34.03
9551,Hippokampos,1/6/2014 13:21,28.23
2540,Ouzeri Elian,1/6/2014 13:22,38.9
4795,Hippokampos,1/6/2014 13:23,13.26
1415,Guy's Gyros,1/6/2014 13:24,15.44
7688,Abila Zacharo,1/6/2014 13:27,30.08
1286,Abila Zacharo,1/6/2014 13:27,50.14
8411,Katerina’s Café,1/6/2014 13:28,33.54
5407,Kalami Kafenion,1/6/2014 13:28,8.64
7384,Guy's Gyros,1/6/2014 13:30,16.92
2681,Hippokampos,1/6/2014 13:35,36.54
7354,Abila Zacharo,1/6/2014 13:35,92.05
6816,Ouzeri Elian,1/6/2014 13:37,20.56
1310,Guy's Gyros,1/6/2014 13:39,11.22
7889,Gelatogalore,1/6/2014 13:41,22.64
6895,Ouzeri Elian,1/6/2014 13:42,20.4
9635,Guy's Gyros,1/6/2014 13:46,30.82
6899,Katerina’s Café,1/6/2014 13:46,18.56
2463,Guy's Gyros,1/6/2014 13:46,99.67
1321,Kalami Kafenion,1/6/2014 13:47,22.13
5368,Ouzeri Elian,1/6/2014 13:48,20.74
5921,Ouzeri Elian,1/6/2014 13:48,30.87
1874,Katerina’s Café,1/6/2014 13:50,13.59
9617,Katerina’s Café,1/6/2014 13:50,32.64
4434,Kalami Kafenion,1/6/2014 13:52,22.31
3492,Gelatogalore,1/6/2014 13:52,36.33
2142,Katerina’s Café,1/6/2014 13:53,36.95
9405,Abila Zacharo,1/6/2014 13:54,23.15
1877,Hippokampos,1/6/2014 13:57,8.64
8202,Hippokampos,1/6/2014 13:58,38.25
3853,Katerina’s Café,1/6/2014 13:59,39.41
7117,Kalami Kafenion,1/6/2014 14:00,13.08
7819,Gelatogalore,1/6/2014 14:00,23.41
4948,Hippokampos,1/6/2014 14:04,30.88
7108,Abila Zacharo,1/6/2014 14:05,78.11
8129,Kalami Kafenion,1/6/2014 14:15,27.4
6901,Katerina’s Café,1/6/2014 14:17,19.65
9220,Abila Airport,1/6/2014 15:14,777.06
8642,Abila Airport,1/6/2014 15:39,612.47
3484,U-Pump,1/6/2014 17:28,59.51
8411,Katerina’s Café,1/6/2014 18:56,78.65
8129,Katerina’s Café,1/6/2014 19:08,26.46
7384,Guy's Gyros,1/6/2014 19:18,39.29
9241,Frydos Autosupply n' More,1/6/2014 19:50,273.87
7253,Katerina’s Café,1/6/2014 20:07,23.63
1874,Katerina’s Café,1/6/2014 20:08,12.32
6901,Guy's Gyros,1/6/2014 20:09,11.94
8202,Frydos Autosupply n' More,1/6/2014 20:12,80.85
3484,Guy's Gyros,1/6/2014 20:13,22.57
6816,Guy's Gyros,1/6/2014 20:15,117.82
5368,Frydos Autosupply n' More,1/6/2014 20:15,175.87
2418,Katerina’s Café,1/6/2014 20:19,21.66
1321,Hippokampos,1/6/2014 20:20,35.34
7819,Guy's Gyros,1/6/2014 20:24,28.94
9551,Albert's Fine Clothing,1/6/2014 20:26,276.9
7108,Guy's Gyros,1/6/2014 20:28,95.29
6895,Hippokampos,1/6/2014 20:29,85.5
9405,Katerina’s Café,1/6/2014 20:29,17.92
6691,Katerina’s Café,1/6/2014 20:30,28
5921,Katerina’s Café,1/6/2014 20:33,15.52
1877,Hippokampos,1/6/2014 20:36,26.8
7117,Hippokampos,1/6/2014 20:46,24.41
1415,Hippokampos,1/6/2014 20:46,21.33
5407,Frydos Autosupply n' More,1/6/2014 20:47,149.3
7354,Shoppers' Delight,1/6/2014 20:49,293.67
7688,Hippokampos,1/6/2014 20:52,17.27
3492,Katerina’s Café,1/6/2014 20:59,26.1
9617,Katerina’s Café,1/6/2014 21:03,10.72
4434,Albert's Fine Clothing,1/6/2014 21:03,121.76
8156,Hippokampos,1/6/2014 21:11,28.14
4948,Katerina’s Café,1/6/2014 21:12,26.51
2142,Frydos Autosupply n' More,1/6/2014 21:23,197.32
1310,Frydos Autosupply n' More,1/6/2014 21:32,314.98
8332,Hippokampos,1/6/2014 21:52,20.61
7384,Brew've Been Served,1/7/2014 7:27,5.08
5368,Brew've Been Served,1/7/2014 7:31,12.74
4795,Brew've Been Served,1/7/2014 7:33,7.09
7889,Hallowed Grounds,1/7/2014 7:35,14.05
8129,Hallowed Grounds,1/7/2014 7:37,8.91
1874,Hallowed Grounds,1/7/2014 7:41,19.59
6816,Brew've Been Served,1/7/2014 7:45,19.6
9551,Hallowed Grounds,1/7/2014 7:46,84.44
5921,Coffee Cameleon,1/7/2014 7:46,9.1
1310,Hallowed Grounds,1/7/2014 7:47,7.88
7108,Hallowed Grounds,1/7/2014 7:48,18.97
7253,Coffee Cameleon,1/7/2014 7:49,27.66
5407,Brew've Been Served,1/7/2014 7:50,4.39
3492,Hallowed Grounds,1/7/2014 7:50,9.61
4434,Brew've Been Served,1/7/2014 7:52,3
1286,Brew've Been Served,1/7/2014 7:54,11.92
3484,Brew've Been Served,1/7/2014 7:55,69.06
9683,Brew've Been Served,1/7/2014 7:56,98.53
6691,Hallowed Grounds,1/7/2014 7:57,10.33
8202,Brew've Been Served,1/7/2014 7:58,17.4
4948,Brew've Been Served,1/7/2014 8:00,11.91
2142,Coffee Cameleon,1/7/2014 8:00,11.55
2418,Coffee Cameleon,1/7/2014 8:01,52.44
9617,Hallowed Grounds,1/7/2014 8:01,9.92
2681,Hallowed Grounds,1/7/2014 8:01,68.42
9405,Brew've Been Served,1/7/2014 8:02,14.49
7819,Brew've Been Served,1/7/2014 8:06,3.03
8411,Brew've Been Served,1/7/2014 8:09,15.66
6901,Brew've Been Served,1/7/2014 8:18,47.74
3506,Abila Airport,1/7/2014 9:17,3840.37
3506,Stewart and Sons Fabrication,1/7/2014 10:05,1200.9
9735,Nationwide Refinery,1/7/2014 10:11,1347.36
9735,Stewart and Sons Fabrication,1/7/2014 11:31,1843.33
7792,Nationwide Refinery,1/7/2014 11:39,1562.66
7117,Coffee Shack,1/7/2014 12:00,16.63
1415,Bean There Done That,1/7/2014 12:00,51.25
7688,Brewed Awakenings,1/7/2014 12:00,12.17
6899,Jack's Magical Beans,1/7/2014 12:00,23.68
3853,Brewed Awakenings,1/7/2014 12:00,64.84
2540,Brewed Awakenings,1/7/2014 12:00,71.59
1877,Bean There Done That,1/7/2014 12:00,53.89
8332,Brewed Awakenings,1/7/2014 12:00,6.72
1321,Bean There Done That,1/7/2014 12:00,8.03
6895,Bean There Done That,1/7/2014 12:00,46.25
9241,Jack's Magical Beans,1/7/2014 12:00,18.77
8156,Jack's Magical Beans,1/7/2014 12:00,19.61
2463,Jack's Magical Beans,1/7/2014 12:00,69.84
3506,Nationwide Refinery,1/7/2014 12:02,1071.04
8642,Abila Airport,1/7/2014 12:29,124.89
7792,Katerina’s Café,1/7/2014 13:08,59.07
8156,Guy's Gyros,1/7/2014 13:13,29.57
1415,Abila Zacharo,1/7/2014 13:20,13.52
8332,Gelatogalore,1/7/2014 13:20,35.06
7354,Guy's Gyros,1/7/2014 13:20,38.56
1286,Kalami Kafenion,1/7/2014 13:24,45.05
5407,Kalami Kafenion,1/7/2014 13:24,11.64
6899,Abila Zacharo,1/7/2014 13:25,82.25
2142,Ouzeri Elian,1/7/2014 13:29,29.1
1310,Gelatogalore,1/7/2014 13:30,51.64
4948,Ouzeri Elian,1/7/2014 13:32,28.37
7688,Abila Zacharo,1/7/2014 13:33,52.72
7253,Gelatogalore,1/7/2014 13:33,34.04
7889,Katerina’s Café,1/7/2014 13:33,22.27
6816,Guy's Gyros,1/7/2014 13:33,11.31
4795,Kalami Kafenion,1/7/2014 13:33,18.06
6895,Ouzeri Elian,1/7/2014 13:34,64.84
2463,Gelatogalore,1/7/2014 13:35,8.98
9551,Gelatogalore,1/7/2014 13:37,21.52
9405,Gelatogalore,1/7/2014 13:39,17.21
3484,Katerina’s Café,1/7/2014 13:41,51.41
9683,Abila Zacharo,1/7/2014 13:41,17.81
5368,Ouzeri Elian,1/7/2014 13:42,97.71
2418,Abila Zacharo,1/7/2014 13:44,32.4
1877,Kalami Kafenion,1/7/2014 13:45,22.83
9635,Guy's Gyros,1/7/2014 13:46,10.11
7108,Kalami Kafenion,1/7/2014 13:46,22.14
2681,Gelatogalore,1/7/2014 13:49,36.5
8411,Ouzeri Elian,1/7/2014 13:50,21.85
1874,Gelatogalore,1/7/2014 13:52,71.77
3853,Hippokampos,1/7/2014 13:53,51.69
5921,Gelatogalore,1/7/2014 13:54,88.97
7819,Abila Zacharo,1/7/2014 13:55,65.9
1321,Ouzeri Elian,1/7/2014 13:56,16.2
8202,Katerina’s Café,1/7/2014 13:57,37.44
6691,Gelatogalore,1/7/2014 13:57,15.4
3492,Hippokampos,1/7/2014 14:00,76.11
4434,Katerina’s Café,1/7/2014 14:07,10.9
9617,Guy's Gyros,1/7/2014 14:09,12.57
6901,Ouzeri Elian,1/7/2014 14:09,59.51
8129,Hippokampos,1/7/2014 14:11,37.57
2276,Abila Scrapyard,1/7/2014 14:16,2149.28
4530,Kronos Pipe and Irrigation,1/7/2014 14:19,3920.82
7792,Carlyle Chemical Inc.,1/7/2014 14:34,4803.13
2276,Stewart and Sons Fabrication,1/7/2014 15:03,962.2
4530,Maximum Iron and Steel,1/7/2014 15:20,3207.31
8642,Abila Airport,1/7/2014 15:41,3411.29
2276,Nationwide Refinery,1/7/2014 16:24,889.58
7819,Guy's Gyros,1/7/2014 19:45,14.87
3484,Guy's Gyros,1/7/2014 19:48,31.23
1877,Hippokampos,1/7/2014 20:01,20.17
1415,Hippokampos,1/7/2014 20:02,11.56
6895,Albert's Fine Clothing,1/7/2014 20:04,308.36
7253,Katerina’s Café,1/7/2014 20:09,19.49
7117,Albert's Fine Clothing,1/7/2014 20:10,78.91
7384,Guy's Gyros,1/7/2014 20:10,42.25
4795,Guy's Gyros,1/7/2014 20:10,26.82
2142,Katerina’s Café,1/7/2014 20:11,10.07
9683,Guy's Gyros,1/7/2014 20:11,76.71
1874,Katerina’s Café,1/7/2014 20:12,55.63
7889,Katerina’s Café,1/7/2014 20:13,94.75
8202,Katerina’s Café,1/7/2014 20:13,65.02
3853,Guy's Gyros,1/7/2014 20:14,62.33
9241,Ouzeri Elian,1/7/2014 20:15,11.41
8411,Katerina’s Café,1/7/2014 20:18,31.6
7354,Guy's Gyros,1/7/2014 20:19,89.76
6901,Frydos Autosupply n' More,1/7/2014 20:20,312.73
5921,Katerina’s Café,1/7/2014 20:32,19.53
9617,Katerina’s Café,1/7/2014 20:33,17.26
6691,Katerina’s Café,1/7/2014 20:33,25.54
1321,Hippokampos,1/7/2014 20:34,70.19
5368,Guy's Gyros,1/7/2014 20:34,23.12
3492,Katerina’s Café,1/7/2014 20:47,32.83
2681,Ouzeri Elian,1/7/2014 20:49,20.53
8156,Hippokampos,1/7/2014 20:51,32.99
9405,Katerina’s Café,1/7/2014 21:01,33.29
2540,Hippokampos,1/7/2014 21:03,21.2
2463,Hippokampos,1/7/2014 21:17,37.88
1310,Katerina’s Café,1/7/2014 21:19,18.35
7688,Hippokampos,1/7/2014 21:21,35.85
8332,Hippokampos,1/7/2014 21:51,22.18
7354,Brew've Been Served,1/8/2014 7:31,15.66
7108,Hallowed Grounds,1/8/2014 7:39,12.19
1874,Hallowed Grounds,1/8/2014 7:39,8.15
1310,Hallowed Grounds,1/8/2014 7:39,8.28
8129,Hallowed Grounds,1/8/2014 7:40,5.85
4948,Brew've Been Served,1/8/2014 7:42,3.09
9617,Hallowed Grounds,1/8/2014 7:43,3.4
3492,Hallowed Grounds,1/8/2014 7:47,3.11
3853,Brew've Been Served,1/8/2014 7:48,32.92
6816,Brew've Been Served,1/8/2014 7:48,8.27
9683,Brew've Been Served,1/8/2014 7:48,19.17
9405,Brew've Been Served,1/8/2014 7:50,33.68
2681,Hallowed Grounds,1/8/2014 7:50,3.9
7253,Coffee Cameleon,1/8/2014 7:51,6.59
5921,Coffee Cameleon,1/8/2014 7:52,12.26
7889,Hallowed Grounds,1/8/2014 7:55,79.92
3484,Brew've Been Served,1/8/2014 7:55,91.87
9551,Hallowed Grounds,1/8/2014 7:56,12.86
5368,Brew've Been Served,1/8/2014 7:57,74.88
6691,Hallowed Grounds,1/8/2014 7:57,11.63
5407,Brew've Been Served,1/8/2014 7:58,8.4
2142,Coffee Cameleon,1/8/2014 7:59,15.71
4795,Brew've Been Served,1/8/2014 8:00,32.3
8202,Brew've Been Served,1/8/2014 8:01,3.92
7819,Brew've Been Served,1/8/2014 8:01,17.13
7384,Brew've Been Served,1/8/2014 8:01,3.42
6901,Brew've Been Served,1/8/2014 8:03,10.15
8411,Brew've Been Served,1/8/2014 8:09,11.48
1286,Brew've Been Served,1/8/2014 8:16,7.26
4434,Brew've Been Served,1/8/2014 8:18,6.3
2418,Coffee Cameleon,1/8/2014 8:22,16.17
7792,Carlyle Chemical Inc.,1/8/2014 9:43,3048.31
9152,Nationwide Refinery,1/8/2014 9:54,4513.16
9735,Nationwide Refinery,1/8/2014 10:14,3674.32
9152,Stewart and Sons Fabrication,1/8/2014 11:28,1738.26
9735,Stewart and Sons Fabrication,1/8/2014 11:58,1673.77
7117,Coffee Shack,1/8/2014 12:00,13.13
1415,Bean There Done That,1/8/2014 12:00,17.45
9635,Bean There Done That,1/8/2014 12:00,12.07
7688,Brewed Awakenings,1/8/2014 12:00,11.73
6899,Jack's Magical Beans,1/8/2014 12:00,3.96
2540,Brewed Awakenings,1/8/2014 12:00,12.32
1877,Bean There Done That,1/8/2014 12:00,8.06
8332,Brewed Awakenings,1/8/2014 12:00,15.03
1321,Bean There Done That,1/8/2014 12:00,94.96
9241,Jack's Magical Beans,1/8/2014 12:00,18.78
8156,Jack's Magical Beans,1/8/2014 12:00,12.37
2463,Jack's Magical Beans,1/8/2014 12:00,31.25
3853,Frank's Fuel,1/8/2014 12:29,65.34
8642,Abila Airport,1/8/2014 12:45,2723.18
2540,Chostus Hotel,1/8/2014 12:56,107.51
4530,Carlyle Chemical Inc.,1/8/2014 13:03,4983.52
5407,Abila Zacharo,1/8/2014 13:10,22.13
8332,Hippokampos,1/8/2014 13:12,26.55
4795,Hippokampos,1/8/2014 13:15,9.03
7792,Katerina’s Café,1/8/2014 13:19,29.26
9683,Chostus Hotel,1/8/2014 13:19,111.89
8156,Ouzeri Elian,1/8/2014 13:21,109.73
2463,Abila Zacharo,1/8/2014 13:23,36.85
7253,Hippokampos,1/8/2014 13:26,16.59
8411,Gelatogalore,1/8/2014 13:27,32.79
6899,Katerina’s Café,1/8/2014 13:28,8.53
9405,Gelatogalore,1/8/2014 13:28,20.72
5921,Kalami Kafenion,1/8/2014 13:29,24.08
1321,Hippokampos,1/8/2014 13:31,37.89
7384,Guy's Gyros,1/8/2014 13:32,30.12
1415,Abila Zacharo,1/8/2014 13:34,14.41
1310,Katerina’s Café,1/8/2014 13:34,88.98
1286,Gelatogalore,1/8/2014 13:38,50.36
3484,Gelatogalore,1/8/2014 13:39,119.75
3853,Guy's Gyros,1/8/2014 13:40,77.9
2142,Katerina’s Café,1/8/2014 13:41,26.45
7889,Gelatogalore,1/8/2014 13:42,35.29
8202,Kalami Kafenion,1/8/2014 13:42,22.49
6895,Katerina’s Café,1/8/2014 13:42,57.04
9551,Hippokampos,1/8/2014 13:43,39.8
7354,Kalami Kafenion,1/8/2014 13:44,31.96
3492,Kalami Kafenion,1/8/2014 13:45,23.82
2681,Abila Zacharo,1/8/2014 13:46,28.25
1877,Katerina’s Café,1/8/2014 13:47,27.05
2418,Gelatogalore,1/8/2014 13:47,22.27
5368,Ouzeri Elian,1/8/2014 13:47,104.92
9635,Hippokampos,1/8/2014 13:48,28.79
7819,Gelatogalore,1/8/2014 13:48,116.72
1874,Guy's Gyros,1/8/2014 13:51,15.86
6901,Abila Zacharo,1/8/2014 13:51,30.85
6816,Kalami Kafenion,1/8/2014 13:52,14.77
9617,Abila Zacharo,1/8/2014 13:53,16.2
4434,Guy's Gyros,1/8/2014 13:57,10.34
7108,Katerina’s Café,1/8/2014 14:06,22.94
4530,Kronos Pipe and Irrigation,1/8/2014 14:09,3615.61
7117,Kalami Kafenion,1/8/2014 14:15,34.98
4948,Gelatogalore,1/8/2014 14:17,39.94
8129,Kalami Kafenion,1/8/2014 14:19,31.43
7792,Carlyle Chemical Inc.,1/8/2014 14:26,4901.88
4530,Maximum Iron and Steel,1/8/2014 15:18,3136.01
8642,Abila Airport,1/8/2014 15:29,2769.12
1415,Hippokampos,1/8/2014 19:21,10.52
2540,Hippokampos,1/8/2014 19:28,16.54
5407,Katerina’s Café,1/8/2014 19:32,34.25
7354,Guy's Gyros,1/8/2014 19:36,15.69
4434,Guy's Gyros,1/8/2014 19:48,30.48
8411,Katerina’s Café,1/8/2014 20:00,13.83
6895,Hippokampos,1/8/2014 20:02,32.66
7384,Guy's Gyros,1/8/2014 20:07,28.81
2418,Frydos Autosupply n' More,1/8/2014 20:07,214.07
5368,Guy's Gyros,1/8/2014 20:08,33.02
1310,Katerina’s Café,1/8/2014 20:08,31.59
1286,Ouzeri Elian,1/8/2014 20:12,62.2
3484,Guy's Gyros,1/8/2014 20:15,99.08
3853,Frydos Autosupply n' More,1/8/2014 20:17,182.56
9683,Guy's Gyros,1/8/2014 20:17,18.24
2142,Katerina’s Café,1/8/2014 20:27,33.31
7117,Hippokampos,1/8/2014 20:28,96.75
6691,Frydos Autosupply n' More,1/8/2014 20:28,268.89
7889,Katerina’s Café,1/8/2014 20:31,36.6
8202,Katerina’s Café,1/8/2014 20:35,16.93
5921,Katerina’s Café,1/8/2014 20:42,92.83
9635,Albert's Fine Clothing,1/8/2014 20:45,136.01
8332,Hippokampos,1/8/2014 20:49,15.64
7688,Hippokampos,1/8/2014 20:53,26.31
6901,Guy's Gyros,1/8/2014 20:57,10.28
7819,Guy's Gyros,1/8/2014 20:58,22.91
7108,General Grocer,1/8/2014 21:00,265.84
4948,Katerina’s Café,1/8/2014 21:02,28.86
1874,Katerina’s Café,1/8/2014 21:09,27.87
9551,Ouzeri Elian,1/8/2014 21:16,30.81
6899,Ouzeri Elian,1/8/2014 21:17,29.85
2463,Hippokampos,1/8/2014 21:32,78.99
7253,Coffee Cameleon,1/9/2014 7:35,12.47
9683,Brew've Been Served,1/9/2014 7:36,70.71
1310,Hallowed Grounds,1/9/2014 7:37,17.56
5921,Coffee Cameleon,1/9/2014 7:37,19.99
7108,Hallowed Grounds,1/9/2014 7:42,56.77
5368,Brew've Been Served,1/9/2014 7:43,5.43
8129,Hallowed Grounds,1/9/2014 7:46,75.24
4948,Brew've Been Served,1/9/2014 7:46,4.4
7384,Brew've Been Served,1/9/2014 7:48,5.3
7354,Brew've Been Served,1/9/2014 7:48,34.85
4795,Brew've Been Served,1/9/2014 7:48,5.13
9551,Hallowed Grounds,1/9/2014 7:50,34.45
7889,Hallowed Grounds,1/9/2014 7:51,19.22
8202,Brew've Been Served,1/9/2014 7:56,98.25
9617,Hallowed Grounds,1/9/2014 7:57,18.48
8411,Brew've Been Served,1/9/2014 7:57,5.26
9405,Hallowed Grounds,1/9/2014 7:57,50.25
6901,Brew've Been Served,1/9/2014 7:58,19.47
7819,Brew've Been Served,1/9/2014 8:00,6.61
4434,Brew've Been Served,1/9/2014 8:00,6.21
3484,Brew've Been Served,1/9/2014 8:01,92.12
2142,Coffee Cameleon,1/9/2014 8:03,16.13
3492,Hallowed Grounds,1/9/2014 8:07,65.68
1286,Brew've Been Served,1/9/2014 8:14,17.64
5407,Brew've Been Served,1/9/2014 8:15,5.57
2681,Hallowed Grounds,1/9/2014 8:15,15.33
3506,Abila Airport,1/9/2014 9:26,2358.22
7792,Carlyle Chemical Inc.,1/9/2014 9:54,529.47
9735,Nationwide Refinery,1/9/2014 10:16,674.28
3506,Stewart and Sons Fabrication,1/9/2014 10:38,1015.65
4530,Carlyle Chemical Inc.,1/9/2014 11:21,732.82
7792,Nationwide Refinery,1/9/2014 11:34,289.3
9735,Stewart and Sons Fabrication,1/9/2014 11:37,3544
7117,Coffee Shack,1/9/2014 12:00,5.01
1415,Bean There Done That,1/9/2014 12:00,13
7688,Brewed Awakenings,1/9/2014 12:00,11.76
6899,Jack's Magical Beans,1/9/2014 12:00,10.11
3853,Jack's Magical Beans,1/9/2014 12:00,6
2540,Brewed Awakenings,1/9/2014 12:00,13.16
1877,Bean There Done That,1/9/2014 12:00,4.06
8332,Brewed Awakenings,1/9/2014 12:00,17.66
1321,Bean There Done That,1/9/2014 12:00,15.53
9241,Jack's Magical Beans,1/9/2014 12:00,12.13
8156,Jack's Magical Beans,1/9/2014 12:00,15.55
2463,Jack's Magical Beans,1/9/2014 12:00,37.43
8642,Abila Airport,1/9/2014 12:13,202.93
3506,Nationwide Refinery,1/9/2014 12:49,1440.39
8332,Ouzeri Elian,1/9/2014 12:59,31.03
7253,Katerina’s Café,1/9/2014 13:03,17.02
5407,Gelatogalore,1/9/2014 13:12,19.2
2276,Abila Airport,1/9/2014 13:18,4792.5
7688,Ouzeri Elian,1/9/2014 13:21,26.09
4795,Gelatogalore,1/9/2014 13:21,23.45
7354,Guy's Gyros,1/9/2014 13:21,105.4
6899,Gelatogalore,1/9/2014 13:23,8.6
2540,Gelatogalore,1/9/2014 13:23,56.74
6816,Ouzeri Elian,1/9/2014 13:23,22.4
7792,Katerina’s Café,1/9/2014 13:23,16.98
3484,Abila Zacharo,1/9/2014 13:24,8.16
6895,Kalami Kafenion,1/9/2014 13:27,110.76
8156,Katerina’s Café,1/9/2014 13:27,25.85
7889,Guy's Gyros,1/9/2014 13:28,13.59
2418,Hippokampos,1/9/2014 13:29,27.47
2463,Abila Zacharo,1/9/2014 13:32,8.6
3853,Katerina’s Café,1/9/2014 13:35,10.42
8411,Gelatogalore,1/9/2014 13:35,23.23
9683,Hippokampos,1/9/2014 13:36,27.93
1321,Hippokampos,1/9/2014 13:37,9.12
7384,Kalami Kafenion,1/9/2014 13:38,18.14
1874,Abila Zacharo,1/9/2014 13:40,20.73
9405,Gelatogalore,1/9/2014 13:40,11.94
9551,Abila Zacharo,1/9/2014 13:41,89.41
9635,Hippokampos,1/9/2014 13:41,8.43
5368,Hippokampos,1/9/2014 13:41,39.22
1415,Guy's Gyros,1/9/2014 13:43,74.91
9617,Guy's Gyros,1/9/2014 13:44,15
2681,Gelatogalore,1/9/2014 13:45,24.68
1286,Abila Zacharo,1/9/2014 13:47,48.39
1310,Hippokampos,1/9/2014 13:51,13.84
2142,Hippokampos,1/9/2014 13:53,16.65
4948,Kalami Kafenion,1/9/2014 13:56,19.84
4434,Hippokampos,1/9/2014 13:56,65.7
6901,Guy's Gyros,1/9/2014 13:56,8.87
6691,Kalami Kafenion,1/9/2014 14:03,35.99
8129,Kalami Kafenion,1/9/2014 14:04,10.94
7108,Ouzeri Elian,1/9/2014 14:04,32.89
1877,Katerina’s Café,1/9/2014 14:06,8.01
8202,Guy's Gyros,1/9/2014 14:09,27.69
2276,Abila Scrapyard,1/9/2014 14:12,1158.36
5921,Guy's Gyros,1/9/2014 14:13,17.44
7819,Abila Zacharo,1/9/2014 14:15,14.37
7117,Gelatogalore,1/9/2014 14:18,36.75
7792,Carlyle Chemical Inc.,1/9/2014 14:26,382.43
4530,Kronos Pipe and Irrigation,1/9/2014 14:28,423.14
2276,Stewart and Sons Fabrication,1/9/2014 15:00,918.6
4530,Maximum Iron and Steel,1/9/2014 15:16,1527.14
8642,Abila Airport,1/9/2014 15:50,4538.52
7792,Carlyle Chemical Inc.,1/9/2014 16:22,2176.2
2276,Nationwide Refinery,1/9/2014 16:27,1322.5
8129,Katerina’s Café,1/9/2014 19:25,35.92
5921,Katerina’s Café,1/9/2014 19:30,26.6
3484,Frydos Autosupply n' More,1/9/2014 19:32,138.02
7354,Guy's Gyros,1/9/2014 19:41,31.81
6899,Ouzeri Elian,1/9/2014 19:42,27.08
9241,Ouzeri Elian,1/9/2014 19:43,31.07
6816,Guy's Gyros,1/9/2014 19:52,29.96
2540,Hippokampos,1/9/2014 20:05,15.02
4948,Katerina’s Café,1/9/2014 20:06,26.6
3492,Katerina’s Café,1/9/2014 20:08,19.02
6691,Katerina’s Café,1/9/2014 20:09,90.97
1877,Hippokampos,1/9/2014 20:15,70.68
4795,General Grocer,1/9/2014 20:19,285.34
9405,Katerina’s Café,1/9/2014 20:20,91.14
6901,Frydos Autosupply n' More,1/9/2014 20:20,31.24
7117,Albert's Fine Clothing,1/9/2014 20:21,224.52
1321,Frydos Autosupply n' More,1/9/2014 20:21,120.65
8202,Katerina’s Café,1/9/2014 20:22,29.82
7889,Guy's Gyros,1/9/2014 20:23,8.23
1286,Guy's Gyros,1/9/2014 20:24,18.26
5407,Katerina’s Café,1/9/2014 20:27,53.78
7253,Guy's Gyros,1/9/2014 20:29,23.34
2418,Katerina’s Café,1/9/2014 20:38,30.69
5368,Guy's Gyros,1/9/2014 20:38,8.23
7384,Guy's Gyros,1/9/2014 20:39,35.05
2463,Hippokampos,1/9/2014 20:41,9.13
3853,Frydos Autosupply n' More,1/9/2014 20:45,276.75
6895,Hippokampos,1/9/2014 21:01,24.96
4434,Guy's Gyros,1/9/2014 21:09,31.31
8156,Hippokampos,1/9/2014 21:12,23.66
2681,Shoppers' Delight,1/9/2014 21:13,258.43
1310,Katerina’s Café,1/9/2014 21:18,8.57
8332,Albert's Fine Clothing,1/9/2014 21:27,229.98
9635,Hippokampos,1/9/2014 21:38,10.12
8129,Hallowed Grounds,1/10/2014 7:34,16.75
6816,Brew've Been Served,1/10/2014 7:35,15.85
7253,Coffee Cameleon,1/10/2014 7:40,8.51
1874,Hallowed Grounds,1/10/2014 7:41,12.03
9617,Hallowed Grounds,1/10/2014 7:41,8.34
1310,Hallowed Grounds,1/10/2014 7:41,11.49
3484,Brew've Been Served,1/10/2014 7:45,5.01
3492,Hallowed Grounds,1/10/2014 7:45,11.38
2681,Hallowed Grounds,1/10/2014 7:46,17.63
4948,Brew've Been Served,1/10/2014 7:47,44.88
5921,Coffee Cameleon,1/10/2014 7:47,11.54
9405,Brew've Been Served,1/10/2014 7:48,13.32
7889,Hallowed Grounds,1/10/2014 7:49,10.34
9683,Brew've Been Served,1/10/2014 7:49,89.93
7108,Hallowed Grounds,1/10/2014 7:50,10.76
5407,Brew've Been Served,1/10/2014 7:51,12.77
7384,Brew've Been Served,1/10/2014 7:54,83.44
2418,Coffee Cameleon,1/10/2014 7:54,9.69
5368,Brew've Been Served,1/10/2014 7:55,85.91
4795,Brew've Been Served,1/10/2014 7:56,97.25
7354,Brew've Been Served,1/10/2014 7:56,90.72
9614,Abila Airport,1/10/2014 7:59,4039.36
1286,Brew've Been Served,1/10/2014 8:01,5.89
6901,Brew've Been Served,1/10/2014 8:01,5.31
6691,Hallowed Grounds,1/10/2014 8:06,9.34
3853,Brew've Been Served,1/10/2014 8:09,14.45
7819,Brew've Been Served,1/10/2014 8:09,3.03
2142,Coffee Cameleon,1/10/2014 8:11,13.25
8202,Brew've Been Served,1/10/2014 8:17,8.47
4434,Brew've Been Served,1/10/2014 8:17,12.64
8411,Brew've Been Served,1/10/2014 8:20,14.36
9614,Carlyle Chemical Inc.,1/10/2014 9:09,227.81
7688,Kronos Mart,1/10/2014 9:30,203.91
9735,Nationwide Refinery,1/10/2014 10:00,1552.82
9614,Nationwide Refinery,1/10/2014 10:40,2302.73
9735,Stewart and Sons Fabrication,1/10/2014 11:49,4074.1
1415,Bean There Done That,1/10/2014 12:00,15.39
9635,Bean There Done That,1/10/2014 12:00,3.92
7688,Brewed Awakenings,1/10/2014 12:00,13.82
6899,Jack's Magical Beans,1/10/2014 12:00,15.69
2540,Brewed Awakenings,1/10/2014 12:00,6.17
1877,Bean There Done That,1/10/2014 12:00,13.41
8332,Brewed Awakenings,1/10/2014 12:00,13.9
1321,Bean There Done That,1/10/2014 12:00,18.67
6895,Bean There Done That,1/10/2014 12:00,9.3
9241,Jack's Magical Beans,1/10/2014 12:00,16.29
8156,Jack's Magical Beans,1/10/2014 12:00,5.46
2463,Jack's Magical Beans,1/10/2014 12:00,8.22
9614,Stewart and Sons Fabrication,1/10/2014 12:10,4195.49
9683,Chostus Hotel,1/10/2014 13:08,133.25
2540,Chostus Hotel,1/10/2014 13:11,197.41
8156,Guy's Gyros,1/10/2014 13:12,36.44
9551,Ouzeri Elian,1/10/2014 13:16,30.71
4795,Hippokampos,1/10/2014 13:20,79.26
6816,Guy's Gyros,1/10/2014 13:25,26.76
7253,Guy's Gyros,1/10/2014 13:27,15.93
6899,Abila Zacharo,1/10/2014 13:29,113.33
7688,Katerina’s Café,1/10/2014 13:30,34.76
3484,Kalami Kafenion,1/10/2014 13:30,35.69
1415,Gelatogalore,1/10/2014 13:35,26.15
3853,Ouzeri Elian,1/10/2014 13:35,35.24
9241,Kalami Kafenion,1/10/2014 13:35,101.5
1310,Abila Zacharo,1/10/2014 13:36,36.73
7354,Katerina’s Café,1/10/2014 13:36,25.36
7384,Guy's Gyros,1/10/2014 13:38,26.68
2418,Katerina’s Café,1/10/2014 13:38,21.22
2463,Hippokampos,1/10/2014 13:40,32.01
8411,Guy's Gyros,1/10/2014 13:44,38.15
9405,Ouzeri Elian,1/10/2014 13:44,20.46
5407,Kalami Kafenion,1/10/2014 13:45,27.48
2681,Abila Zacharo,1/10/2014 13:46,31.34
9635,Guy's Gyros,1/10/2014 13:47,31.5
6895,Katerina’s Café,1/10/2014 13:47,25.62
2142,Katerina’s Café,1/10/2014 13:47,24.33
1877,Ouzeri Elian,1/10/2014 13:50,15.25
1321,Guy's Gyros,1/10/2014 13:52,31.05
4434,Kalami Kafenion,1/10/2014 13:53,24.3
8129,Guy's Gyros,1/10/2014 13:57,16.34
5368,Ouzeri Elian,1/10/2014 13:57,24.74
6901,Hippokampos,1/10/2014 13:58,39.89
1874,Abila Zacharo,1/10/2014 13:59,8.22
3492,Abila Zacharo,1/10/2014 14:01,16.12
7819,Abila Zacharo,1/10/2014 14:03,36.38
7117,Hippokampos,1/10/2014 14:07,11.61
9617,Ouzeri Elian,1/10/2014 14:07,30.93
7108,Katerina’s Café,1/10/2014 14:08,77.62
6691,Abila Zacharo,1/10/2014 14:09,9.32
8202,Gelatogalore,1/10/2014 14:11,32.19
4948,Hippokampos,1/10/2014 14:20,10.16
4795,Octavio's Office Supplies,1/10/2014 14:41,139.72
7253,Octavio's Office Supplies,1/10/2014 16:07,64.51
6899,Ouzeri Elian,1/10/2014 18:52,19.92
7889,Frydos Autosupply n' More,1/10/2014 18:57,98.39
6816,Guy's Gyros,1/10/2014 19:45,23.61
1415,Hippokampos,1/10/2014 19:46,48.22
8129,Katerina’s Café,1/10/2014 19:50,19.57
4795,Guy's Gyros,1/10/2014 19:54,27.78
7117,Hippokampos,1/10/2014 19:56,19.88
5921,Katerina’s Café,1/10/2014 19:56,21.89
8202,Frydos Autosupply n' More,1/10/2014 20:02,43.65
9405,Katerina’s Café,1/10/2014 20:08,15.76
7688,Hippokampos,1/10/2014 20:09,70.48
8411,Katerina’s Café,1/10/2014 20:09,8.14
6901,Guy's Gyros,1/10/2014 20:09,29.81
6895,Albert's Fine Clothing,1/10/2014 20:11,126.13
7384,Frydos Autosupply n' More,1/10/2014 20:15,237.08
7819,Shoppers' Delight,1/10/2014 20:17,279.53
7108,Guy's Gyros,1/10/2014 20:20,35.54
3853,Guy's Gyros,1/10/2014 20:23,37.37
5407,Katerina’s Café,1/10/2014 20:42,21.28
8332,Hippokampos,1/10/2014 20:50,17.21
7354,Roberts and Sons,1/10/2014 21:11,241.2
5368,Guy's Gyros,1/10/2014 21:13,25.81
8156,Hippokampos,1/10/2014 21:17,27
4434,General Grocer,1/10/2014 21:28,227.28
2463,Hippokampos,1/10/2014 22:21,79.97
8156,Katerina’s Café,1/11/2014 13:19,45.22
2418,Katerina’s Café,1/11/2014 13:23,45.21
6895,Katerina’s Café,1/11/2014 13:32,29.1
1310,Abila Zacharo,1/11/2014 13:32,54.82
2540,Abila Zacharo,1/11/2014 13:33,89.54
9617,Gelatogalore,1/11/2014 13:35,17.31
4434,Hippokampos,1/11/2014 13:36,103.38
9551,Hippokampos,1/11/2014 13:37,75.62
6691,Hippokampos,1/11/2014 13:37,82.23
8129,Ouzeri Elian,1/11/2014 13:40,19.11
3484,Katerina’s Café,1/11/2014 13:43,71.65
7688,Hippokampos,1/11/2014 13:47,31.1
1321,Katerina’s Café,1/11/2014 13:50,23.45
7253,Abila Zacharo,1/11/2014 13:51,32.02
3853,Gelatogalore,1/11/2014 13:59,18.74
7117,Kalami Kafenion,1/11/2014 14:09,35.66
7108,Kalami Kafenion,1/11/2014 14:16,39.36
2142,Katerina’s Café,1/11/2014 14:17,26.02
6901,Abila Zacharo,1/11/2014 14:19,45.2
9617,Shoppers' Delight,1/11/2014 15:15,157.45
2418,Shoppers' Delight,1/11/2014 15:20,238.52
8129,General Grocer,1/11/2014 15:31,78.02
1310,Roberts and Sons,1/11/2014 16:00,256.24
4434,Albert's Fine Clothing,1/11/2014 16:01,211.47
7688,Frydos Autosupply n' More,1/11/2014 16:09,52.73
4795,Ahaggo Museum,1/11/2014 16:24,89.32
9683,Ahaggo Museum,1/11/2014 17:16,52.14
9617,Katerina’s Café,1/11/2014 19:08,55.67
7819,Kalami Kafenion,1/11/2014 19:17,23.86
6899,Ouzeri Elian,1/11/2014 19:21,69.36
7688,Hippokampos,1/11/2014 19:26,66.21
8156,Albert's Fine Clothing,1/11/2014 19:27,105.33
9683,Hippokampos,1/11/2014 19:27,32.63
4795,Hippokampos,1/11/2014 19:29,63.21
2142,Katerina’s Café,1/11/2014 19:31,33.18
6691,Katerina’s Café,1/11/2014 19:32,20.71
1877,Hippokampos,1/11/2014 19:33,11.13
6816,Guy's Gyros,1/11/2014 19:34,55.36
2540,Katerina’s Café,1/11/2014 19:40,57.36
9551,Shoppers' Delight,1/11/2014 19:44,149.2
8332,Hippokampos,1/11/2014 19:45,63.21
7889,Katerina’s Café,1/11/2014 19:50,12.55
1310,Katerina’s Café,1/11/2014 19:51,45.68
8411,Katerina’s Café,1/11/2014 19:52,15.72
9635,Hippokampos,1/11/2014 19:53,67.37
5368,Guy's Gyros,1/11/2014 19:57,36.2
4948,Katerina’s Café,1/11/2014 20:00,25.76
1286,Kalami Kafenion,1/11/2014 20:04,50.2
2681,Ouzeri Elian,1/11/2014 20:04,16.69
8202,Katerina’s Café,1/11/2014 20:06,52.45
7384,Guy's Gyros,1/11/2014 20:06,33.65
7354,Guy's Gyros,1/11/2014 20:09,16.33
5407,Frydos Autosupply n' More,1/11/2014 20:13,211.15
9405,Katerina’s Café,1/11/2014 20:13,9.78
8129,Frydos Autosupply n' More,1/11/2014 20:22,236.25
1415,Hippokampos,1/11/2014 20:23,70.23
2418,Katerina’s Café,1/11/2014 20:24,94.68
6901,Frydos Autosupply n' More,1/11/2014 20:26,261
7117,Hippokampos,1/11/2014 20:27,69.8
7108,Kalami Kafenion,1/11/2014 20:30,46.78
1874,Katerina’s Café,1/11/2014 20:46,57.6
8156,Kronos Mart,1/12/2014 3:39,277.26
8332,Ouzeri Elian,1/12/2014 13:03,38.55
5407,Ouzeri Elian,1/12/2014 13:17,98.45
2142,Hippokampos,1/12/2014 13:25,12.55
7819,Ouzeri Elian,1/12/2014 13:28,24.72
1310,Ouzeri Elian,1/12/2014 13:30,72.32
6901,Guy's Gyros,1/12/2014 13:31,34.74
8156,Ouzeri Elian,1/12/2014 13:32,117.22
7117,Hippokampos,1/12/2014 13:35,29.2
1286,Gelatogalore,1/12/2014 13:40,20.09
9683,Abila Zacharo,1/12/2014 13:45,11.2
2463,Desafio Golf Course,1/12/2014 13:45,129.33
2540,Kalami Kafenion,1/12/2014 13:52,54.36
7889,Hippokampos,1/12/2014 13:54,8.54
3492,Kalami Kafenion,1/12/2014 13:55,14.59
1874,Hippokampos,1/12/2014 14:04,12.57
9551,Hippokampos,1/12/2014 14:06,71.99
7688,Desafio Golf Course,1/12/2014 14:13,220.77
8332,Desafio Golf Course,1/12/2014 14:14,198.46
8129,Guy's Gyros,1/12/2014 14:16,30.47
1310,Shoppers' Delight,1/12/2014 15:10,135.78
1286,Shoppers' Delight,1/12/2014 15:24,86.22
7819,Shoppers' Delight,1/12/2014 15:32,204.37
7117,General Grocer,1/12/2014 15:46,159.3
2142,Albert's Fine Clothing,1/12/2014 15:49,195.81
3547,Shoppers' Delight,1/12/2014 16:08,51.5
6901,Ahaggo Museum,1/12/2014 16:27,120.2
7889,Katerina’s Café,1/12/2014 19:18,12.64
7253,Katerina’s Café,1/12/2014 19:21,11.81
1321,Hippokampos,1/12/2014 19:22,27.15
7108,Guy's Gyros,1/12/2014 19:26,42.32
7384,Shoppers' Delight,1/12/2014 19:26,211.03
1415,Hippokampos,1/12/2014 19:29,66.63
3853,Guy's Gyros,1/12/2014 19:32,34.41
6895,Hippokampos,1/12/2014 19:35,49.23
7354,Guy's Gyros,1/12/2014 19:36,12.32
5407,Katerina’s Café,1/12/2014 19:43,40.94
8332,Hippokampos,1/12/2014 19:44,26.79
3492,Katerina’s Café,1/12/2014 19:47,17.36
1286,Gelatogalore,1/12/2014 19:50,36.2
8156,Hippokampos,1/12/2014 19:51,52.21
5368,Frydos Autosupply n' More,1/12/2014 19:52,88.93
1877,Albert's Fine Clothing,1/12/2014 19:58,63.36
6899,Ouzeri Elian,1/12/2014 19:59,55.55
8129,Katerina’s Café,1/12/2014 20:04,39.3
9635,Hippokampos,1/12/2014 20:05,78.21
3547,Katerina’s Café,1/12/2014 20:11,67.14
9405,Katerina’s Café,1/12/2014 20:12,15.37
2142,Katerina’s Café,1/12/2014 20:13,39.55
2540,Hippokampos,1/12/2014 20:15,69.41
8411,Katerina’s Café,1/12/2014 20:17,16.34
4948,Katerina’s Café,1/12/2014 20:35,40.25
7688,Hippokampos,1/12/2014 20:38,63.32
8202,Frydos Autosupply n' More,1/12/2014 20:43,161.96
1874,Katerina’s Café,1/12/2014 20:48,87.09
5407,Kronos Mart,01/13/2014 03:00,147.3
9551,Daily Dealz,01/13/2014 06:04,2.01
7889,Hallowed Grounds,01/13/2014 07:32,9.16
5368,Brew've Been Served,01/13/2014 07:36,16.39
7384,Brew've Been Served,01/13/2014 07:38,8.04
3547,Coffee Cameleon,01/13/2014 07:40,19.93
9683,Brew've Been Served,01/13/2014 07:40,8
1310,Hallowed Grounds,01/13/2014 07:42,3.02
6816,Brew've Been Served,01/13/2014 07:43,24.18
3492,Hallowed Grounds,01/13/2014 07:43,13.68
4795,Brew've Been Served,01/13/2014 07:43,18.71
9405,Hallowed Grounds,01/13/2014 07:44,5.85
7354,Brew've Been Served,01/13/2014 07:53,19.64
7108,Hallowed Grounds,01/13/2014 07:54,19.18
2418,Coffee Cameleon,01/13/2014 07:55,17.49
5407,Brew've Been Served,01/13/2014 07:55,6.08
4948,Brew've Been Served,01/13/2014 07:56,9.53
3484,Brew've Been Served,01/13/2014 07:57,78.23
6691,Hallowed Grounds,01/13/2014 07:57,6.32
8411,Brew've Been Served,01/13/2014 08:00,13.37
6816,Kronos Mart,01/13/2014 08:01,159.06
7253,Coffee Cameleon,01/13/2014 08:02,4.88
4434,Brew've Been Served,01/13/2014 08:04,16.05
2681,Hallowed Grounds,01/13/2014 08:06,55.96
1286,Brew've Been Served,01/13/2014 08:07,11.49
2142,Coffee Cameleon,01/13/2014 08:12,17.76
9220,Abila Airport,01/13/2014 08:15,3617.47
6901,Brew've Been Served,01/13/2014 08:21,13.19
7819,Brew've Been Served,01/13/2014 08:22,6.69
8202,Brew've Been Served,01/13/2014 08:23,19.89
9220,Kronos Pipe and Irrigation,01/13/2014 08:58,2892.74
9735,Nationwide Refinery,01/13/2014 10:12,204.58
9220,Maximum Iron and Steel,01/13/2014 10:20,689.85
7117,Coffee Shack,01/13/2014 12:00,4.09
1415,Bean There Done That,01/13/2014 12:00,7.93
9635,Bean There Done That,01/13/2014 12:00,98.02
7688,Brewed Awakenings,01/13/2014 12:00,12.69
6899,Jack's Magical Beans,01/13/2014 12:00,18.31
2540,Brewed Awakenings,01/13/2014 12:00,56.4
1877,Bean There Done That,01/13/2014 12:00,19.56
8332,Brewed Awakenings,01/13/2014 12:00,16.25
1321,Bean There Done That,01/13/2014 12:00,5.54
1874,Bean There Done That,01/13/2014 12:00,10.37
9617,Bean There Done That,01/13/2014 12:00,15.24
6895,Bean There Done That,01/13/2014 12:00,18.59
9220,Carlyle Chemical Inc.,01/13/2014 12:00,1718.96
9241,Jack's Magical Beans,01/13/2014 12:00,5.22
8156,Jack's Magical Beans,01/13/2014 12:00,9.64
2463,Jack's Magical Beans,01/13/2014 12:00,17.52
8642,Abila Airport,01/13/2014 12:11,4417.03
4434,Hippokampos,01/13/2014 12:27,17.17
9220,Ouzeri Elian,01/13/2014 12:55,19.82
8156,Gelatogalore,01/13/2014 13:03,32.83
9551,U-Pump,01/13/2014 13:18,55.25
8332,Gelatogalore,01/13/2014 13:19,46.45
6816,Abila Zacharo,01/13/2014 13:20,79.95
1286,Abila Zacharo,01/13/2014 13:21,64.5
2418,Katerina’s Café,01/13/2014 13:23,38.98
7253,Hippokampos,01/13/2014 13:24,35.73
9683,Abila Zacharo,01/13/2014 13:27,8.72
9551,Hippokampos,01/13/2014 13:28,30.51
2540,Guy's Gyros,01/13/2014 13:33,27.49
6899,Katerina’s Café,01/13/2014 13:34,26.15
1321,Abila Zacharo,01/13/2014 13:34,27.3
7354,Hippokampos,01/13/2014 13:34,59.9
9405,Katerina’s Café,01/13/2014 13:36,17.21
4795,Ouzeri Elian,01/13/2014 13:37,95.03
2142,Guy's Gyros,01/13/2014 13:39,37.37
1874,Katerina’s Café,01/13/2014 13:40,8.29
2463,Guy's Gyros,01/13/2014 13:40,29.25
1415,Gelatogalore,01/13/2014 13:41,36.93
9635,Abila Zacharo,01/13/2014 13:42,11.99
3853,Abila Zacharo,01/13/2014 13:48,116.32
1310,Ouzeri Elian,01/13/2014 13:48,8.32
3492,Katerina’s Café,01/13/2014 13:48,24.26
7384,Hippokampos,01/13/2014 13:50,91.97
7819,Abila Zacharo,01/13/2014 13:51,17.41
8411,Guy's Gyros,01/13/2014 13:51,21.03
3547,Katerina’s Café,01/13/2014 13:52,29.55
5368,Kalami Kafenion,01/13/2014 13:55,20.33
7117,Guy's Gyros,01/13/2014 14:00,38.07
8202,Gelatogalore,01/13/2014 14:00,36.24
2681,Gelatogalore,01/13/2014 14:01,117.17
9617,Hippokampos,01/13/2014 14:04,25.09
1877,Ouzeri Elian,01/13/2014 14:06,29.75
6901,Guy's Gyros,01/13/2014 14:13,12.76
4948,Hippokampos,01/13/2014 14:21,26.96
8129,Guy's Gyros,01/13/2014 14:33,116.87
8642,Abila Airport,01/13/2014 16:56,2228.08
9551,Frydos Autosupply n' More,01/13/2014 19:20,10000
3853,Shoppers' Delight,01/13/2014 19:27,216.43
9551,Ouzeri Elian,01/13/2014 19:30,28.75
8129,Frydos Autosupply n' More,01/13/2014 19:41,188.57
3547,Katerina’s Café,01/13/2014 19:50,89.83
8411,Frydos Autosupply n' More,01/13/2014 19:59,64.6
6691,Katerina’s Café,01/13/2014 19:59,30.84
7354,Guy's Gyros,01/13/2014 20:09,22.34
4795,Guy's Gyros,01/13/2014 20:11,20.47
7384,Guy's Gyros,01/13/2014 20:15,36.89
7819,Guy's Gyros,01/13/2014 20:18,15.84
2142,Katerina’s Café,01/13/2014 20:24,35.7
1310,Katerina’s Café,01/13/2014 20:33,91.36
7688,Albert's Fine Clothing,01/13/2014 20:35,288
2463,Hippokampos,01/13/2014 20:35,29.22
1415,Hippokampos,01/13/2014 20:42,31.59
1321,Albert's Fine Clothing,01/13/2014 20:42,49.48
1286,Guy's Gyros,01/13/2014 20:42,88.57
2681,Ouzeri Elian,01/13/2014 20:43,21.83
5407,Katerina’s Café,01/13/2014 20:44,93.57
9683,Guy's Gyros,01/13/2014 20:44,15.55
6901,Shoppers' Delight,01/13/2014 20:45,144.4
7253,Katerina’s Café,01/13/2014 20:47,22.24
7889,Katerina’s Café,01/13/2014 20:51,55.82
7108,Guy's Gyros,01/13/2014 20:59,37.5
1874,Katerina’s Café,01/13/2014 21:00,27.59
5368,Guy's Gyros,01/13/2014 21:08,19.77
2418,Frydos Autosupply n' More,01/13/2014 21:11,202.05
8332,Hippokampos,01/13/2014 21:12,31.47
7117,Hippokampos,01/13/2014 21:13,32.29
9405,Katerina’s Café,01/13/2014 21:16,33.11
8156,Hippokampos,01/13/2014 21:27,99.63
5368,Brew've Been Served,01/14/2014 07:27,14.67
4795,Brew've Been Served,01/14/2014 07:31,4.72
7889,Hallowed Grounds,01/14/2014 07:35,10.75
7354,Brew've Been Served,01/14/2014 07:35,7.31
3547,Coffee Cameleon,01/14/2014 07:37,9.8
9683,Brew've Been Served,01/14/2014 07:40,5.87
1310,Hallowed Grounds,01/14/2014 07:42,4.59
8129,Hallowed Grounds,01/14/2014 07:44,16.67
4948,Brew've Been Served,01/14/2014 07:45,14.04
7108,Hallowed Grounds,01/14/2014 07:45,13
3484,Brew've Been Served,01/14/2014 07:45,10.96
9405,Brew've Been Served,01/14/2014 07:45,16.53
3853,Brew've Been Served,01/14/2014 07:48,6.45
2418,Coffee Cameleon,01/14/2014 07:52,11.67
7253,Coffee Cameleon,01/14/2014 07:53,15.63
8202,Brew've Been Served,01/14/2014 07:53,9.53
7384,Brew've Been Served,01/14/2014 07:53,8.24
6816,Brew've Been Served,01/14/2014 07:53,3.66
1874,Hallowed Grounds,01/14/2014 07:54,19.99
9617,Hallowed Grounds,01/14/2014 07:54,50.21
2142,Coffee Cameleon,01/14/2014 07:56,7.84
7819,Brew've Been Served,01/14/2014 07:58,11.94
1286,Brew've Been Served,01/14/2014 08:03,3.21
5407,Brew've Been Served,01/14/2014 08:07,16.39
3492,Hallowed Grounds,01/14/2014 08:12,39.52
2681,Hallowed Grounds,01/14/2014 08:12,10.65
8411,Brew've Been Served,01/14/2014 08:13,11.53
6901,Brew've Been Served,01/14/2014 08:13,12.31
6691,Hallowed Grounds,01/14/2014 08:16,6.16
6899,Kronos Mart,01/14/2014 08:20,58.85
7792,Carlyle Chemical Inc.,01/14/2014 09:34,3630.57
9735,Nationwide Refinery,01/14/2014 10:03,965.72
3506,Stewart and Sons Fabrication,01/14/2014 11:01,600.19
7792,Nationwide Refinery,01/14/2014 11:45,570.95
9735,Stewart and Sons Fabrication,01/14/2014 11:55,278.52
7117,Coffee Shack,01/14/2014 12:00,3.63
1415,Bean There Done That,01/14/2014 12:00,7.28
9635,Bean There Done That,01/14/2014 12:00,19.37
7688,Brewed Awakenings,01/14/2014 12:00,17.14
2540,Brewed Awakenings,01/14/2014 12:00,8.3
1877,Bean There Done That,01/14/2014 12:00,14.56
8332,Brewed Awakenings,01/14/2014 12:00,11.35
1321,Bean There Done That,01/14/2014 12:00,67.82
6895,Bean There Done That,01/14/2014 12:00,5.9
9241,Jack's Magical Beans,01/14/2014 12:00,63.36
8156,Jack's Magical Beans,01/14/2014 12:00,95.7
8642,Abila Airport,01/14/2014 12:30,228.41
3506,Nationwide Refinery,01/14/2014 13:00,1341.01
2276,Abila Airport,01/14/2014 13:06,3379.21
8156,Katerina’s Café,01/14/2014 13:14,29.12
7253,Hippokampos,01/14/2014 13:17,36.01
2540,Chostus Hotel,01/14/2014 13:17,109.54
7792,Katerina’s Café,01/14/2014 13:21,34.45
9683,Chostus Hotel,01/14/2014 13:21,113.08
6895,Katerina’s Café,01/14/2014 13:22,10.03
9635,Kalami Kafenion,01/14/2014 13:24,17.38
8332,Kalami Kafenion,01/14/2014 13:24,15.15
7688,Hippokampos,01/14/2014 13:25,23.69
7384,Gelatogalore,01/14/2014 13:32,27.26
2142,Gelatogalore,01/14/2014 13:32,32.82
7354,Katerina’s Café,01/14/2014 13:32,20.95
2463,Gelatogalore,01/14/2014 13:33,39.17
4795,Katerina’s Café,01/14/2014 13:34,29.1
8411,Abila Zacharo,01/14/2014 13:35,31.09
9405,Abila Zacharo,01/14/2014 13:35,15.26
1415,Guy's Gyros,01/14/2014 13:36,13.27
3853,Hippokampos,01/14/2014 13:37,19.07
1310,Abila Zacharo,01/14/2014 13:37,10.24
6816,Abila Zacharo,01/14/2014 13:38,8.41
3484,Ouzeri Elian,01/14/2014 13:40,107.32
5407,Kalami Kafenion,01/14/2014 13:40,33.13
6899,Ouzeri Elian,01/14/2014 13:41,79.58
3547,Katerina’s Café,01/14/2014 13:41,75.46
7889,Hippokampos,01/14/2014 13:42,98.81
3492,Kalami Kafenion,01/14/2014 13:42,23.1
6691,Katerina’s Café,01/14/2014 13:43,31.69
1874,Guy's Gyros,01/14/2014 13:44,16.35
1877,Gelatogalore,01/14/2014 13:49,70.98
9617,Guy's Gyros,01/14/2014 13:49,38.26
4948,Kalami Kafenion,01/14/2014 13:50,27.65
1321,Kalami Kafenion,01/14/2014 13:51,15.27
7108,Ouzeri Elian,01/14/2014 13:51,62.3
2681,Ouzeri Elian,01/14/2014 13:53,33.67
5368,Gelatogalore,01/14/2014 13:57,35.97
6901,Hippokampos,01/14/2014 13:57,17.18
7819,Katerina’s Café,01/14/2014 13:58,33.54
1286,Guy's Gyros,01/14/2014 13:59,50.4
7117,Ouzeri Elian,01/14/2014 14:01,19.7
8129,Gelatogalore,01/14/2014 14:03,102.03
4434,Abila Zacharo,01/14/2014 14:03,24.87
2276,Abila Scrapyard,01/14/2014 14:13,4277.4
8202,Hippokampos,01/14/2014 14:16,16.73
7792,Carlyle Chemical Inc.,01/14/2014 14:21,854.88
8642,Abila Airport,01/14/2014 15:32,4918.39
6816,Octavio's Office Supplies,01/14/2014 15:49,131.73
7792,Carlyle Chemical Inc.,01/14/2014 16:16,3470.99
2276,Nationwide Refinery,01/14/2014 16:28,4429.76
1415,Hippokampos,01/14/2014 19:44,39.64
7108,Guy's Gyros,01/14/2014 19:59,94.26
4795,Guy's Gyros,01/14/2014 20:01,23.59
3484,Albert's Fine Clothing,01/14/2014 20:05,50.77
7889,Katerina’s Café,01/14/2014 20:09,91.8
8129,Katerina’s Café,01/14/2014 20:15,27.67
6816,Guy's Gyros,01/14/2014 20:15,18.11
5368,Guy's Gyros,01/14/2014 20:17,35.12
3547,Katerina’s Café,01/14/2014 20:17,36.95
7384,Guy's Gyros,01/14/2014 20:19,12.96
5407,Katerina’s Café,01/14/2014 20:19,31.94
2463,Hippokampos,01/14/2014 20:22,9.55
3853,Guy's Gyros,01/14/2014 20:25,10.85
1874,Katerina’s Café,01/14/2014 20:26,12.65
7819,Guy's Gyros,01/14/2014 20:29,25.28
6899,Ouzeri Elian,01/14/2014 20:32,11.86
4434,Frydos Autosupply n' More,01/14/2014 20:33,42.72
3492,Katerina’s Café,01/14/2014 20:34,11.89
9241,Ouzeri Elian,01/14/2014 20:41,24.06
8202,Katerina’s Café,01/14/2014 20:42,46.61
6901,Frydos Autosupply n' More,01/14/2014 20:43,146.74
2681,Ouzeri Elian,01/14/2014 20:46,80.95
8332,Hippokampos,01/14/2014 20:48,43.56
9635,Albert's Fine Clothing,01/14/2014 20:50,228.72
8411,Katerina’s Café,01/14/2014 20:50,25.4
6895,Hippokampos,01/14/2014 21:04,28.45
9617,Katerina’s Café,01/14/2014 21:10,18.35
9405,Roberts and Sons,01/14/2014 21:14,223.81
4948,Frydos Autosupply n' More,01/14/2014 21:28,49.21
2540,Hippokampos,01/14/2014 21:31,22.13
7354,Guy's Gyros,01/14/2014 21:31,26.14
7889,Hallowed Grounds,01/15/2014 07:33,11.98
7384,Brew've Been Served,01/15/2014 07:34,3.71
9617,Hallowed Grounds,01/15/2014 07:36,5.28
6816,Brew've Been Served,01/15/2014 07:36,15.5
8129,Hallowed Grounds,01/15/2014 07:39,5.95
9683,Brew've Been Served,01/15/2014 07:40,19.87
7108,Hallowed Grounds,01/15/2014 07:44,12.17
2142,Coffee Cameleon,01/15/2014 07:45,19.93
9405,Brew've Been Served,01/15/2014 07:45,11.47
7819,Brew've Been Served,01/15/2014 07:48,6.58
1286,Brew've Been Served,01/15/2014 07:49,11.23
7354,Brew've Been Served,01/15/2014 07:50,19.24
3547,Coffee Cameleon,01/15/2014 07:51,14.47
6691,Hallowed Grounds,01/15/2014 07:51,78.69
7253,Coffee Cameleon,01/15/2014 07:56,5.49
4795,Brew've Been Served,01/15/2014 07:57,4.92
4948,Brew've Been Served,01/15/2014 07:58,3.14
8411,Brew've Been Served,01/15/2014 07:58,5.75
3484,Brew've Been Served,01/15/2014 07:58,14.06
3492,Hallowed Grounds,01/15/2014 07:59,14.33
5368,Brew've Been Served,01/15/2014 08:00,8.42
1310,Hallowed Grounds,01/15/2014 08:00,15.27
4434,Brew've Been Served,01/15/2014 08:01,49.7
3853,Brew've Been Served,01/15/2014 08:02,15.58
2418,Coffee Cameleon,01/15/2014 08:05,56.31
5407,Brew've Been Served,01/15/2014 08:05,12.39
8202,Brew've Been Served,01/15/2014 08:06,3.47
2681,Hallowed Grounds,01/15/2014 08:13,14.39
6901,Brew've Been Served,01/15/2014 08:14,18.58
7792,Carlyle Chemical Inc.,01/15/2014 09:34,3608.08
9152,Nationwide Refinery,01/15/2014 10:00,1903.77
9735,Nationwide Refinery,01/15/2014 10:14,1391.24
9152,Stewart and Sons Fabrication,01/15/2014 11:18,4545.38
9735,Stewart and Sons Fabrication,01/15/2014 11:44,4740.68
7792,Nationwide Refinery,01/15/2014 11:55,3004.98
9635,Bean There Done That,01/15/2014 12:00,5.34
6899,Jack's Magical Beans,01/15/2014 12:00,11.15
2540,Brewed Awakenings,01/15/2014 12:00,91.62
1877,Bean There Done That,01/15/2014 12:00,93.13
8332,Brewed Awakenings,01/15/2014 12:00,3.62
1321,Bean There Done That,01/15/2014 12:00,18.96
6895,Bean There Done That,01/15/2014 12:00,15.24
9241,Jack's Magical Beans,01/15/2014 12:00,5.3
8156,Jack's Magical Beans,01/15/2014 12:00,84.06
2463,Jack's Magical Beans,01/15/2014 12:00,19.54
8642,Abila Airport,01/15/2014 12:25,3152.41
8156,Kalami Kafenion,01/15/2014 13:08,22.39
7253,Ouzeri Elian,01/15/2014 13:10,8.93
8332,Hippokampos,01/15/2014 13:12,36.7
9683,Hippokampos,01/15/2014 13:12,118.89
7792,Katerina’s Café,01/15/2014 13:13,24.15
2418,Katerina’s Café,01/15/2014 13:17,88.56
1415,Guy's Gyros,01/15/2014 13:22,14.37
7889,Abila Zacharo,01/15/2014 13:22,31
3484,Ouzeri Elian,01/15/2014 13:22,12.9
6899,Hippokampos,01/15/2014 13:24,13
7688,Abila Zacharo,01/15/2014 13:26,23.51
1286,Katerina’s Café,01/15/2014 13:27,55.6
1321,Ouzeri Elian,01/15/2014 13:31,36.47
1874,Kalami Kafenion,01/15/2014 13:35,26.17
8411,Kalami Kafenion,01/15/2014 13:36,37.15
5407,Kalami Kafenion,01/15/2014 13:37,38.5
9405,Hippokampos,01/15/2014 13:39,8.75
2463,Gelatogalore,01/15/2014 13:39,9.61
5368,Ouzeri Elian,01/15/2014 13:40,25.7
2540,Hippokampos,01/15/2014 13:41,82.61
7354,Guy's Gyros,01/15/2014 13:41,49.34
1877,Hippokampos,01/15/2014 13:42,32.4
7108,Ouzeri Elian,01/15/2014 13:42,22.86
2142,Guy's Gyros,01/15/2014 13:44,15.89
9635,Abila Zacharo,01/15/2014 13:45,88.83
6895,Kalami Kafenion,01/15/2014 13:45,47.86
6691,Guy's Gyros,01/15/2014 13:45,12.19
7117,Gelatogalore,01/15/2014 13:46,24.96
8202,Guy's Gyros,01/15/2014 13:46,16.58
7384,Abila Zacharo,01/15/2014 13:47,20.44
8129,Ouzeri Elian,01/15/2014 13:51,26.61
3853,Gelatogalore,01/15/2014 13:55,31.21
7819,Gelatogalore,01/15/2014 13:58,39.4
3547,Abila Zacharo,01/15/2014 13:58,33.8
2681,Gelatogalore,01/15/2014 13:59,42.36
9617,Guy's Gyros,01/15/2014 14:00,25.58
1310,Katerina’s Café,01/15/2014 14:00,12.12
4434,Hippokampos,01/15/2014 14:02,118.23
3492,Abila Zacharo,01/15/2014 14:02,24.53
4948,Abila Zacharo,01/15/2014 14:04,46.82
4530,Kronos Pipe and Irrigation,01/15/2014 14:12,2564
6901,Kalami Kafenion,01/15/2014 14:13,28.82
7792,Carlyle Chemical Inc.,01/15/2014 14:25,1112.04
4530,Maximum Iron and Steel,01/15/2014 15:11,4788.22
8642,Abila Airport,01/15/2014 15:40,875.87
7792,Carlyle Chemical Inc.,01/15/2014 17:01,1392.73
9241,Ouzeri Elian,01/15/2014 19:18,28.86
3492,Katerina’s Café,01/15/2014 19:50,39.23
2540,Frydos Autosupply n' More,01/15/2014 19:52,18.91
3484,Guy's Gyros,01/15/2014 19:53,98.04
1415,Hippokampos,01/15/2014 19:55,13.02
4434,Guy's Gyros,01/15/2014 19:55,31.04
7819,General Grocer,01/15/2014 19:56,126.2
8129,Katerina’s Café,01/15/2014 19:59,25.08
2142,Katerina’s Café,01/15/2014 20:00,29.84
7354,Guy's Gyros,01/15/2014 20:02,28.75
9683,Frydos Autosupply n' More,01/15/2014 20:04,235.27
9617,Katerina’s Café,01/15/2014 20:05,11.45
5368,Guy's Gyros,01/15/2014 20:06,44.91
6816,Guy's Gyros,01/15/2014 20:08,36.35
9635,Hippokampos,01/15/2014 20:10,35.12
8332,Shoppers' Delight,01/15/2014 20:10,162
7688,Hippokampos,01/15/2014 20:16,11.8
8411,Katerina’s Café,01/15/2014 20:17,29.33
1321,Hippokampos,01/15/2014 20:23,10.35
1310,Katerina’s Café,01/15/2014 20:23,39.63
1877,Hippokampos,01/15/2014 20:24,16.37
8202,Katerina’s Café,01/15/2014 20:26,61.61
6899,Ouzeri Elian,01/15/2014 20:29,23.18
2418,Katerina’s Café,01/15/2014 20:29,29.66
1874,Frydos Autosupply n' More,01/15/2014 20:33,18.66
7117,Albert's Fine Clothing,01/15/2014 20:46,228.15
4948,Frydos Autosupply n' More,01/15/2014 20:57,276.88
3853,Guy's Gyros,01/15/2014 20:59,61.43
7253,Katerina’s Café,01/15/2014 21:05,13.77
1286,Guy's Gyros,01/15/2014 21:05,27.01
2681,Ouzeri Elian,01/15/2014 21:05,8.57
6895,Hippokampos,01/15/2014 21:08,101.14
3547,Katerina’s Café,01/15/2014 21:21,27.48
8156,Hippokampos,01/15/2014 21:42,37.16
7108,Kronos Mart,01/16/2014 07:30,298.83
5368,Brew've Been Served,01/16/2014 07:33,25.05
7354,Brew've Been Served,01/16/2014 07:34,8.18
3484,Brew've Been Served,01/16/2014 07:36,19.9
3547,Coffee Cameleon,01/16/2014 07:38,67.19
7889,Hallowed Grounds,01/16/2014 07:44,13.84
7108,Hallowed Grounds,01/16/2014 07:44,18.2
3492,Hallowed Grounds,01/16/2014 07:44,17.74
8129,Hallowed Grounds,01/16/2014 07:45,17.92
7384,Brew've Been Served,01/16/2014 07:50,7.31
9617,Hallowed Grounds,01/16/2014 07:51,44.98
1310,Hallowed Grounds,01/16/2014 07:51,9.6
1286,Brew've Been Served,01/16/2014 07:52,12.67
4795,Brew've Been Served,01/16/2014 07:53,4.7
4948,Brew've Been Served,01/16/2014 07:54,83.84
1874,Hallowed Grounds,01/16/2014 07:54,7.22
6816,Brew've Been Served,01/16/2014 07:55,12.83
9683,Brew've Been Served,01/16/2014 07:56,4.33
3853,Brew've Been Served,01/16/2014 08:02,5.82
2418,Coffee Cameleon,01/16/2014 08:03,63.14
9405,Hallowed Grounds,01/16/2014 08:03,72.61
6901,Brew've Been Served,01/16/2014 08:03,16.67
9551,Hallowed Grounds,01/16/2014 08:05,12.19
6691,Hallowed Grounds,01/16/2014 08:07,18.23
8202,Brew've Been Served,01/16/2014 08:08,90.33
4434,Brew've Been Served,01/16/2014 08:09,17.44
2681,Hallowed Grounds,01/16/2014 08:09,4.6
7819,Brew've Been Served,01/16/2014 08:19,16.9
8411,Brew've Been Served,01/16/2014 08:23,11.21
3506,Abila Airport,01/16/2014 09:18,1676.53
7792,Carlyle Chemical Inc.,01/16/2014 09:52,419.93
9735,Nationwide Refinery,01/16/2014 10:16,1494.44
3506,Stewart and Sons Fabrication,01/16/2014 11:06,940.3
7792,Nationwide Refinery,01/16/2014 11:25,4742.67
9735,Stewart and Sons Fabrication,01/16/2014 11:45,4543.31
7117,Coffee Shack,01/16/2014 12:00,10.48
1415,Bean There Done That,01/16/2014 12:00,19.82
9635,Bean There Done That,01/16/2014 12:00,12.33
7688,Brewed Awakenings,01/16/2014 12:00,17.91
6899,Jack's Magical Beans,01/16/2014 12:00,9.12
2540,Brewed Awakenings,01/16/2014 12:00,6.53
1877,Bean There Done That,01/16/2014 12:00,5.56
8332,Brewed Awakenings,01/16/2014 12:00,6.39
1321,Bean There Done That,01/16/2014 12:00,98.34
6895,Bean There Done That,01/16/2014 12:00,17.4
9241,Jack's Magical Beans,01/16/2014 12:00,14.86
8156,Jack's Magical Beans,01/16/2014 12:00,12.56
2463,Jack's Magical Beans,01/16/2014 12:00,6.95
3506,Nationwide Refinery,01/16/2014 12:32,2047.28
8642,Abila Airport,01/16/2014 12:40,3917.3
9683,Katerina’s Café,01/16/2014 13:17,11.08
7688,Katerina’s Café,01/16/2014 13:19,27.82
8332,Hippokampos,01/16/2014 13:19,17.66
1286,Abila Zacharo,01/16/2014 13:22,64.71
2276,Abila Airport,01/16/2014 13:22,3138.98
8156,Hippokampos,01/16/2014 13:22,26.15
7889,Guy's Gyros,01/16/2014 13:23,31.48
7792,Katerina’s Café,01/16/2014 13:23,34.9
6899,Hippokampos,01/16/2014 13:26,36.17
3484,Katerina’s Café,01/16/2014 13:27,34.02
5407,Katerina’s Café,01/16/2014 13:27,39.74
3547,Abila Zacharo,01/16/2014 13:27,31.31
9551,Guy's Gyros,01/16/2014 13:28,10.27
7253,Hippokampos,01/16/2014 13:30,16.53
2540,Hippokampos,01/16/2014 13:30,10.38
2463,Gelatogalore,01/16/2014 13:33,12.33
6691,Hippokampos,01/16/2014 13:35,13.05
1415,Hippokampos,01/16/2014 13:36,31.14
9405,Gelatogalore,01/16/2014 13:37,22.19
4795,Abila Zacharo,01/16/2014 13:39,69.27
7819,Guy's Gyros,01/16/2014 13:42,29.7
1321,Hippokampos,01/16/2014 13:43,14.89
5368,Katerina’s Café,01/16/2014 13:43,38.32
6816,Guy's Gyros,01/16/2014 13:44,13.48
7354,Hippokampos,01/16/2014 13:44,18.18
3853,Ouzeri Elian,01/16/2014 13:45,12.47
8202,Kalami Kafenion,01/16/2014 13:45,9.27
2142,Ouzeri Elian,01/16/2014 13:45,18.27
7108,Abila Zacharo,01/16/2014 13:47,36.02
9635,Kalami Kafenion,01/16/2014 13:48,91.38
4948,Abila Zacharo,01/16/2014 13:48,24.38
1874,Gelatogalore,01/16/2014 13:48,32.4
9617,Hippokampos,01/16/2014 13:48,29.93
3492,Kalami Kafenion,01/16/2014 13:48,11.83
7384,Kalami Kafenion,01/16/2014 13:49,8.86
1310,Hippokampos,01/16/2014 13:54,8.07
8411,Hippokampos,01/16/2014 13:55,30.02
6901,Abila Zacharo,01/16/2014 13:55,8.43
2418,Ouzeri Elian,01/16/2014 14:00,8.52
7117,Ouzeri Elian,01/16/2014 14:01,8.47
1877,Guy's Gyros,01/16/2014 14:05,32.8
5368,Octavio's Office Supplies,01/16/2014 15:58,131.01
2276,Abila Scrapyard,01/16/2014 16:56,1897.05
4434,Gelatogalore,01/16/2014 17:07,10.62
7792,Carlyle Chemical Inc.,01/16/2014 17:17,1814.24
8411,Katerina’s Café,01/16/2014 18:49,93.68
7384,Guy's Gyros,01/16/2014 19:04,25.57
3484,Guy's Gyros,01/16/2014 19:09,8.31
7889,Katerina’s Café,01/16/2014 19:39,10.93
4795,Guy's Gyros,01/16/2014 19:40,37.8
1874,Frydos Autosupply n' More,01/16/2014 19:45,53.37
3547,Katerina’s Café,01/16/2014 19:47,34.34
5407,Katerina’s Café,01/16/2014 20:05,69.3
7117,Albert's Fine Clothing,01/16/2014 20:08,283.38
8129,Katerina’s Café,01/16/2014 20:09,18.79
6901,Guy's Gyros,01/16/2014 20:09,28.27
1321,Hippokampos,01/16/2014 20:13,29.13
9683,Guy's Gyros,01/16/2014 20:14,111.31
3853,Guy's Gyros,01/16/2014 20:17,25.78
6816,Guy's Gyros,01/16/2014 20:17,30.76
9617,Katerina’s Café,01/16/2014 20:23,13.91
6899,Ouzeri Elian,01/16/2014 20:25,23.89
7819,Albert's Fine Clothing,01/16/2014 20:25,91.71
2418,Katerina’s Café,01/16/2014 20:25,35.43
4434,Roberts and Sons,01/16/2014 20:25,155.76
2681,Ouzeri Elian,01/16/2014 20:25,22.65
9551,Ouzeri Elian,01/16/2014 20:28,9.91
9405,Katerina’s Café,01/16/2014 20:28,30.84
7108,Guy's Gyros,01/16/2014 20:35,11.31
2142,Katerina’s Café,01/16/2014 20:36,19.44
8202,Katerina’s Café,01/16/2014 20:39,30.56
6895,Hippokampos,01/16/2014 20:42,114
2463,Hippokampos,01/16/2014 20:43,27.74
1877,Shoppers' Delight,01/16/2014 20:45,160.69
1286,Shoppers' Delight,01/16/2014 20:50,16.84
3492,Katerina’s Café,01/16/2014 20:51,34.58
7354,Roberts and Sons,01/16/2014 20:52,240.66
4948,Frydos Autosupply n' More,01/16/2014 20:54,130.01
8332,Hippokampos,01/16/2014 20:58,12.47
7688,Hippokampos,01/16/2014 21:13,20.84
9241,Ouzeri Elian,01/16/2014 21:16,29.99
7384,Brew've Been Served,01/17/2014 07:29,52.56
1310,Hallowed Grounds,01/17/2014 07:31,3.25
7889,Hallowed Grounds,01/17/2014 07:33,14.58
5368,Brew've Been Served,01/17/2014 07:36,11.69
3547,Coffee Cameleon,01/17/2014 07:38,10.27
9617,Hallowed Grounds,01/17/2014 07:39,15.98
8129,Hallowed Grounds,01/17/2014 07:41,10.52
4948,Brew've Been Served,01/17/2014 07:50,8.07
7253,Coffee Cameleon,01/17/2014 07:51,6.81
1874,Hallowed Grounds,01/17/2014 07:52,18.6
6816,Coffee Cameleon,01/17/2014 07:52,9.16
5010,Hallowed Grounds,01/17/2014 07:56,9.72
7354,Brew've Been Served,01/17/2014 07:57,10.52
6691,Hallowed Grounds,01/17/2014 07:59,5.52
4795,Brew've Been Served,01/17/2014 07:59,19.39
3484,Brew've Been Served,01/17/2014 08:03,13.66
3492,Hallowed Grounds,01/17/2014 08:03,38.22
9551,Hallowed Grounds,01/17/2014 08:04,9.4
9405,Brew've Been Served,01/17/2014 08:04,16.62
2418,Coffee Cameleon,01/17/2014 08:07,7.49
1415,Kronos Mart,01/17/2014 08:08,286.24
8202,Brew've Been Served,01/17/2014 08:09,9.3
5407,Brew've Been Served,01/17/2014 08:12,18.15
2681,Hallowed Grounds,01/17/2014 08:12,6.39
4434,Coffee Cameleon,01/17/2014 08:13,14.99
3853,Brew've Been Served,01/17/2014 08:15,3.09
6901,Brew've Been Served,01/17/2014 08:17,5.29
8411,Brew've Been Served,01/17/2014 08:19,14.58
7819,Brew've Been Served,01/17/2014 08:22,15.46
1286,Brew've Been Served,01/17/2014 08:23,51.04
9735,Stewart and Sons Fabrication,01/17/2014 11:32,1753.17
7117,Coffee Shack,01/17/2014 12:00,19.16
1415,Bean There Done That,01/17/2014 12:00,19.67
9635,Bean There Done That,01/17/2014 12:00,8.21
7688,Brewed Awakenings,01/17/2014 12:00,8.16
6899,Jack's Magical Beans,01/17/2014 12:00,7.57
2540,Brewed Awakenings,01/17/2014 12:00,88.69
1877,Bean There Done That,01/17/2014 12:00,19.56
8332,Brewed Awakenings,01/17/2014 12:00,6
1321,Bean There Done That,01/17/2014 12:00,18.72
6895,Bean There Done That,01/17/2014 12:00,5.77
9241,Jack's Magical Beans,01/17/2014 12:00,19.11
8332,Abila Zacharo,01/17/2014 13:11,68.78
7253,Kalami Kafenion,01/17/2014 13:16,140.78
2418,Hippokampos,01/17/2014 13:16,38.21
8156,Gelatogalore,01/17/2014 13:17,15.84
7688,Guy's Gyros,01/17/2014 13:18,8.64
3484,Guy's Gyros,01/17/2014 13:21,22.18
4795,Hippokampos,01/17/2014 13:27,14.57
5010,Abila Zacharo,01/17/2014 13:28,15.95
6816,Hippokampos,01/17/2014 13:31,15.77
9635,Gelatogalore,01/17/2014 13:33,23.23
2463,Kalami Kafenion,01/17/2014 13:37,105.32
1415,Ouzeri Elian,01/17/2014 13:38,14.01
3853,Guy's Gyros,01/17/2014 13:38,39.14
1286,Hippokampos,01/17/2014 13:38,52.31
5407,Kalami Kafenion,01/17/2014 13:38,39.43
9405,Kalami Kafenion,01/17/2014 13:39,27.7
1310,Gelatogalore,01/17/2014 13:40,37.3
2142,Abila Zacharo,01/17/2014 13:41,14.51
3547,Katerina’s Café,01/17/2014 13:42,21.01
7354,Abila Zacharo,01/17/2014 13:45,79.67
2681,Gelatogalore,01/17/2014 13:47,18.1
1321,Katerina’s Café,01/17/2014 13:48,13.11
9683,Chostus Hotel,01/17/2014 13:49,114.22
1874,Kalami Kafenion,01/17/2014 13:51,20.02
7819,Gelatogalore,01/17/2014 13:51,34.59
9617,Hippokampos,01/17/2014 13:52,108.35
8411,Kalami Kafenion,01/17/2014 13:53,24.21
4434,Katerina’s Café,01/17/2014 13:53,35.52
2540,Chostus Hotel,01/17/2014 13:54,159.62
6901,Guy's Gyros,01/17/2014 13:55,32.31
3492,Gelatogalore,01/17/2014 13:57,21.62
1877,Hippokampos,01/17/2014 13:58,21.81
7108,Kalami Kafenion,01/17/2014 13:58,27.73
8202,Guy's Gyros,01/17/2014 14:00,15.12
7117,Guy's Gyros,01/17/2014 14:05,21.1
5368,Abila Zacharo,01/17/2014 14:06,51.95
4948,Katerina’s Café,01/17/2014 14:15,70.72
8129,Ouzeri Elian,01/17/2014 14:32,26.1
3492,Katerina’s Café,01/17/2014 19:24,22.18
6816,Guy's Gyros,01/17/2014 19:29,19.68
7117,Hippokampos,01/17/2014 19:40,19.76
6899,Ouzeri Elian,01/17/2014 19:40,38.6
1321,Albert's Fine Clothing,01/17/2014 19:44,1239.41
6901,Guy's Gyros,01/17/2014 19:46,16.83
4795,Guy's Gyros,01/17/2014 19:53,35.1
8129,Katerina’s Café,01/17/2014 19:57,34.93
4948,Frydos Autosupply n' More,01/17/2014 19:57,124.52
2540,Hippokampos,01/17/2014 20:03,8.92
7384,Shoppers' Delight,01/17/2014 20:05,155.01
1310,Katerina’s Café,01/17/2014 20:07,21.22
9241,Ouzeri Elian,01/17/2014 20:07,70.21
3484,Guy's Gyros,01/17/2014 20:16,37.55
8202,Katerina’s Café,01/17/2014 20:19,36.12
7253,Katerina’s Café,01/17/2014 20:20,19.09
7819,Guy's Gyros,01/17/2014 20:21,8.31
1286,Shoppers' Delight,01/17/2014 20:21,289.33
3853,Guy's Gyros,01/17/2014 20:24,8.54
7889,Katerina’s Café,01/17/2014 20:24,72.13
9551,Ouzeri Elian,01/17/2014 20:28,35.81
2681,Ouzeri Elian,01/17/2014 20:35,26.4
7108,General Grocer,01/17/2014 20:41,98.03
7354,Frydos Autosupply n' More,01/17/2014 20:41,260.08
7688,Hippokampos,01/17/2014 20:54,11.93
2142,Katerina’s Café,01/17/2014 20:58,38.21
9683,Guy's Gyros,01/17/2014 20:59,29.71
5407,Katerina’s Café,01/17/2014 21:05,33.73
9405,Katerina’s Café,01/17/2014 21:06,27.49
4434,Guy's Gyros,01/17/2014 21:07,55.4
5368,Frydos Autosupply n' More,01/17/2014 21:15,67.29
2463,Hippokampos,01/17/2014 21:29,38.19
9635,Hippokampos,01/17/2014 21:58,12.86
5010,Chostus Hotel,01/18/2014 12:03,600
8156,Abila Zacharo,01/18/2014 13:04,111.93
2540,Abila Zacharo,01/18/2014 13:05,25.59
6691,Katerina’s Café,01/18/2014 13:15,34.54
6895,Ouzeri Elian,01/18/2014 13:18,33.57
5368,Kalami Kafenion,01/18/2014 13:19,30.12
1877,Hippokampos,01/18/2014 13:21,100.11
7253,Abila Zacharo,01/18/2014 13:25,18.45
7384,Guy's Gyros,01/18/2014 13:27,55.21
1874,Guy's Gyros,01/18/2014 13:28,27.4
2463,Kalami Kafenion,01/18/2014 13:28,38.91
9551,Abila Zacharo,01/18/2014 13:32,16.59
3484,Katerina’s Café,01/18/2014 13:34,19.3
3547,Ouzeri Elian,01/18/2014 13:34,25.75
1321,Kalami Kafenion,01/18/2014 13:58,24.14
2681,Gelatogalore,01/18/2014 13:58,84.38
8411,Katerina’s Café,01/18/2014 14:00,37.26
8202,Kalami Kafenion,01/18/2014 14:02,42.73
7688,Katerina’s Café,01/18/2014 14:03,96.36
9617,Guy's Gyros,01/18/2014 14:05,47.89
7819,Katerina’s Café,01/18/2014 14:06,24.14
6901,Kalami Kafenion,01/18/2014 14:17,53.36
1286,Ahaggo Museum,01/18/2014 14:51,55.55
7384,Ahaggo Museum,01/18/2014 14:55,120.2
6895,Albert's Fine Clothing,01/18/2014 15:20,35.66
5368,Frydos Autosupply n' More,01/18/2014 15:31,103.41
3547,General Grocer,01/18/2014 15:31,477.6
1874,Frydos Autosupply n' More,01/18/2014 15:32,361.54
8156,Shoppers' Delight,01/18/2014 15:40,258.33
7253,Roberts and Sons,01/18/2014 15:41,62.47
1877,Frydos Autosupply n' More,01/18/2014 15:51,103.55
2463,Frydos Autosupply n' More,01/18/2014 15:53,120.67
6691,Albert's Fine Clothing,01/18/2014 15:57,189.52
9635,Frank's Fuel,01/18/2014 18:39,52.66
5407,Frydos Autosupply n' More,01/18/2014 18:51,234.53
8156,Albert's Fine Clothing,01/18/2014 18:59,226.49
3484,Guy's Gyros,01/18/2014 19:08,39.68
8129,Katerina’s Café,01/18/2014 19:17,21.63
9617,Roberts and Sons,01/18/2014 19:20,266.69
6899,Ouzeri Elian,01/18/2014 19:21,57.63
1321,Hippokampos,01/18/2014 19:21,21.34
5368,Guy's Gyros,01/18/2014 19:21,28.07
9551,Ouzeri Elian,01/18/2014 19:26,61.56
7889,Katerina’s Café,01/18/2014 19:30,8.14
1874,Katerina’s Café,01/18/2014 19:31,22.74
4434,Katerina’s Café,01/18/2014 19:32,33.41
6895,Hippokampos,01/18/2014 19:35,27.21
6691,Katerina’s Café,01/18/2014 19:36,35.79
4795,Abila Zacharo,01/18/2014 19:36,21.29
2463,Hippokampos,01/18/2014 19:36,53.21
9635,Kalami Kafenion,01/18/2014 19:39,71.14
6816,Guy's Gyros,01/18/2014 19:39,78.36
8332,Hippokampos,01/18/2014 19:42,63.21
7688,Roberts and Sons,01/18/2014 19:46,125.35
8202,Katerina’s Café,01/18/2014 19:46,11.19
2681,Ouzeri Elian,01/18/2014 19:46,14.9
4948,Katerina’s Café,01/18/2014 19:47,16.48
3547,Katerina’s Café,01/18/2014 19:53,76.1
1310,Katerina’s Café,01/18/2014 19:54,33.63
2418,Katerina’s Café,01/18/2014 19:56,32.68
1286,Hippokampos,01/18/2014 20:01,49.21
9405,Katerina’s Café,01/18/2014 20:01,17.37
8411,Katerina’s Café,01/18/2014 20:04,45.88
6901,General Grocer,01/18/2014 20:07,108.49
7354,Katerina’s Café,01/18/2014 20:09,19.31
1415,Hippokampos,01/18/2014 20:11,72.5
3853,Katerina’s Café,01/18/2014 20:13,9.72
7819,Katerina’s Café,01/18/2014 20:15,37.21
1877,Hippokampos,01/18/2014 20:23,29.21
7117,Hippokampos,01/18/2014 20:26,55.03
3484,Kronos Mart,01/19/2014 03:13,87.66
9551,Kronos Mart,01/19/2014 03:45,194.51
8332,Kronos Mart,01/19/2014 03:48,150.36
8156,Desafio Golf Course,01/19/2014 12:41,150.07
7688,Desafio Golf Course,01/19/2014 12:57,145.72
7354,Katerina’s Café,01/19/2014 13:00,35.01
6895,Gelatogalore,01/19/2014 13:09,22.36
4795,Katerina’s Café,01/19/2014 13:23,70.22
9241,Ahaggo Museum,01/19/2014 13:26,26.91
3484,Ouzeri Elian,01/19/2014 13:27,23.65
2142,Hippokampos,01/19/2014 13:33,64.37
8332,Desafio Golf Course,01/19/2014 13:51,190.91
4434,Katerina’s Café,01/19/2014 13:53,26.76
1310,Katerina’s Café,01/19/2014 14:01,12.78
7384,Ouzeri Elian,01/19/2014 14:08,45.32
3492,Katerina’s Café,01/19/2014 14:20,54.2
6901,Abila Zacharo,01/19/2014 14:20,47.8
6895,General Grocer,01/19/2014 15:03,70.22
2463,Desafio Golf Course,01/19/2014 15:15,110.02
3484,Frydos Autosupply n' More,01/19/2014 15:26,56.09
2142,Albert's Fine Clothing,01/19/2014 15:39,274.66
5010,Desafio Golf Course,01/19/2014 15:46,148.22
4795,Frydos Autosupply n' More,01/19/2014 15:53,209.76
3547,Katerina’s Café,01/19/2014 18:54,72.25
9635,Hippokampos,01/19/2014 19:43,101.25
8332,Hippokampos,01/19/2014 19:43,48.23
1321,Hippokampos,01/19/2014 19:44,88.27
6895,Hippokampos,01/19/2014 19:44,46.32
7384,Guy's Gyros,01/19/2014 19:45,65.21
1286,Guy's Gyros,01/19/2014 19:45,23.21
3484,Guy's Gyros,01/19/2014 19:45,58.35
9405,Frydos Autosupply n' More,01/19/2014 19:45,98.04
5010,Guy's Gyros,01/19/2014 19:45,25.79
6899,Ouzeri Elian,01/19/2014 19:48,67.98
9551,Ouzeri Elian,01/19/2014 19:49,32.77
6816,Guy's Gyros,01/19/2014 19:49,100.36
7889,Katerina’s Café,01/19/2014 19:53,34.03
2142,Shoppers' Delight,01/19/2014 19:56,30.39
2463,Hippokampos,01/19/2014 19:56,63.17
7354,Guy's Gyros,01/19/2014 20:00,18.08
2540,Albert's Fine Clothing,01/19/2014 20:02,254.29
1874,Katerina’s Café,01/19/2014 20:05,33.79
7108,Guy's Gyros,01/19/2014 20:14,36.87
1415,Hippokampos,01/19/2014 20:16,78.96
9683,Guy's Gyros,01/19/2014 20:16,37.48
9617,Katerina’s Café,01/19/2014 20:22,38.9
3853,Guy's Gyros,01/19/2014 20:25,20.94
4434,Guy's Gyros,01/19/2014 20:30,31.94
6901,Guy's Gyros,01/19/2014 20:51,39.6
